{"files": {"Cheats/TGFX16-CD/3 in 1 DUO Demo CD (SCD)(USA).zip": {"hash": "79178f640cb9adbe7545d4e59cd8f015", "size": 1418, "tags": [3, 15], "zip_id": "cheats_folder_tgfx16-cd"}, "Cheats/TGFX16-CD/4 in 1 Super CD (SCD)(USA).zip": {"hash": "b33e59ceecba07628941adc2a581a7bd", "size": 698, "tags": [3, 15], "zip_id": "cheats_folder_tgfx16-cd"}, "Cheats/TGFX16-CD/Advanced Variable Geo (SCD)(Jpn).zip": {"hash": "280ce47a0dd77233b646f540b8187401", "size": 573, "tags": [3, 15], "zip_id": "cheats_folder_tgfx16-cd"}, "Cheats/TGFX16-CD/Ai Chou Aniki (SCD)(Jpn).zip": {"hash": "137ff04c0b4969cf6ea70ce713745917", "size": 542, "tags": [3, 15], "zip_id": "cheats_folder_tgfx16-cd"}, "Cheats/TGFX16-CD/Akumajou Dracula X - Chi no Rondo (SCD)(Jpn).zip": {"hash": "b2e650f107d3f189fd795f55f218d673", "size": 2825, "tags": [3, 15], "zip_id": "cheats_folder_tgfx16-cd"}, "Cheats/TGFX16-CD/Ane-San (SCD)(Jpn).zip": {"hash": "8eade00abb57e4a5bfb3ad6ddb4f9903", "size": 600, "tags": [3, 15], "zip_id": "cheats_folder_tgfx16-cd"}, "Cheats/TGFX16-CD/Asuka 120% Maxima Burning Fest (SCD)(Jpn).zip": {"hash": "99ab9c4afb61dd5b0c50843350075cb7", "size": 291, "tags": [3, 15], "zip_id": "cheats_folder_tgfx16-cd"}, "Cheats/TGFX16-CD/Avenger (CD)(Jpn).zip": {"hash": "b8aa85c9a2c15e744112978ace040bc5", "size": 736, "tags": [3, 15], "zip_id": "cheats_folder_tgfx16-cd"}, "Cheats/TGFX16-CD/Baby Jo (SCD)(Jpn).zip": {"hash": "78362aa58caea075ed35fdbd32d0fe66", "size": 576, "tags": [3, 15], "zip_id": "cheats_folder_tgfx16-cd"}, "Cheats/TGFX16-CD/Bakushou Yoshimoto no Shinkigeki (SCD)(Jpn).zip": {"hash": "dcb415f0d75485908e23b30102356281", "size": 410, "tags": [3, 15], "zip_id": "cheats_folder_tgfx16-cd"}, "Cheats/TGFX16-CD/Black Hole Assault (SCD)(Jpn).zip": {"hash": "cc6a738c6cf45015fcec528defac8b9c", "size": 913, "tags": [3, 15], "zip_id": "cheats_folder_tgfx16-cd"}, "Cheats/TGFX16-CD/Blood Gear (SCD)(Jpn).zip": {"hash": "0ecba4b52d7482073feab1fa78a73a6a", "size": 1006, "tags": [3, 15], "zip_id": "cheats_folder_tgfx16-cd"}, "Cheats/TGFX16-CD/Bomberman Panic Bomber (SCD)(Jpn).zip": {"hash": "25b7b78380907363989e306a3b80066c", "size": 450, "tags": [3, 15], "zip_id": "cheats_folder_tgfx16-cd"}, "Cheats/TGFX16-CD/Bonk III - Bonk's Big Adventure (SCD)(USA).zip": {"hash": "2c878d084b6bb509d82a28b0e57c8914", "size": 904, "tags": [3, 15], "zip_id": "cheats_folder_tgfx16-cd"}, "Cheats/TGFX16-CD/Brandish (ACD, SCD)(Jpn).zip": {"hash": "e6df69b58f7a2cc9f12e6894e4cbaba3", "size": 1686, "tags": [3, 15], "zip_id": "cheats_folder_tgfx16-cd"}, "Cheats/TGFX16-CD/Browning (SCD)(Jpn).zip": {"hash": "b9f4af27ab3b11f2c162f398421e2c8d", "size": 270, "tags": [3, 15], "zip_id": "cheats_folder_tgfx16-cd"}, "Cheats/TGFX16-CD/Burai - Hachigyoku no Yuushi Densetsu (CD)(Jpn).zip": {"hash": "4894a70a648ee16dcb09816c59b80310", "size": 598, "tags": [3, 15], "zip_id": "cheats_folder_tgfx16-cd"}, "Cheats/TGFX16-CD/Buster Bros. (CD)(USA).zip": {"hash": "591fd3b5b734888363543b7ddce45311", "size": 580, "tags": [3, 15], "zip_id": "cheats_folder_tgfx16-cd"}, "Cheats/TGFX16-CD/CD Denjin Rockabilly Tengoku (SCD)(Jpn).zip": {"hash": "bc41c001d6c6c923cafe2e39c7b4fb08", "size": 408, "tags": [3, 15], "zip_id": "cheats_folder_tgfx16-cd"}, "Cheats/TGFX16-CD/Chiki Chiki Boys (SCD)(Jpn).zip": {"hash": "277d8dfcc7bebe193dba451c545b5926", "size": 854, "tags": [3, 15], "zip_id": "cheats_folder_tgfx16-cd"}, "Cheats/TGFX16-CD/Chou Aniki (SCD)(Jpn).zip": {"hash": "6e403374c30433dc9019a6ac22709827", "size": 475, "tags": [3, 15], "zip_id": "cheats_folder_tgfx16-cd"}, "Cheats/TGFX16-CD/Choujikuu Yousai Macross 2036 (CD, SCD)(Jpn).zip": {"hash": "b736db799c0b005be90f84331ab9e44b", "size": 266, "tags": [3, 15], "zip_id": "cheats_folder_tgfx16-cd"}, "Cheats/TGFX16-CD/Cosmic Fantasy - Bouken Shounen Yuu (CD)(Jpn).zip": {"hash": "45d4e27a2ef93be35ffa56c45fdbe491", "size": 830, "tags": [3, 15], "zip_id": "cheats_folder_tgfx16-cd"}, "Cheats/TGFX16-CD/Cosmic Fantasy II (CD)(USA).zip": {"hash": "f48816ba484757157a805064a84e875d", "size": 1516, "tags": [3, 15], "zip_id": "cheats_folder_tgfx16-cd"}, "Cheats/TGFX16-CD/Cosmic Fantasy III - Bouken Shounen Rei (SCD)(Jpn).zip": {"hash": "0cbeff253c8b072dcd27366f4edcca4b", "size": 574, "tags": [3, 15], "zip_id": "cheats_folder_tgfx16-cd"}, "Cheats/TGFX16-CD/Cotton - Fantastic Night Dreams (SCD)(USA).zip": {"hash": "f8b5bff3faba340cb9bce963db2b9177", "size": 609, "tags": [3, 15], "zip_id": "cheats_folder_tgfx16-cd"}, "Cheats/TGFX16-CD/Deden no Den (SCD)(Jpn).zip": {"hash": "1d6cc90ac7f5a87395c8020b00dc0b86", "size": 286, "tags": [3, 15], "zip_id": "cheats_folder_tgfx16-cd"}, "Cheats/TGFX16-CD/Doraemon Nobita no Dorabian Night (SCD)(Jpn).zip": {"hash": "1e0211c4ee9c507135425170a0e77b78", "size": 466, "tags": [3, 15], "zip_id": "cheats_folder_tgfx16-cd"}, "Cheats/TGFX16-CD/Double Dragon II - The Revenge (SCD)(Jpn).zip": {"hash": "909d628d19e16c897659b93b11d6b4d3", "size": 842, "tags": [3, 15], "zip_id": "cheats_folder_tgfx16-cd"}, "Cheats/TGFX16-CD/Download II (CD)(Jpn).zip": {"hash": "89709f20afe88b541f1b3afb87a4f1e9", "size": 412, "tags": [3, 15], "zip_id": "cheats_folder_tgfx16-cd"}, "Cheats/TGFX16-CD/Downtown Nekketsu Monogatari (SCD)(Jpn).zip": {"hash": "b470e1530d7d817d479418637345f194", "size": 742, "tags": [3, 15], "zip_id": "cheats_folder_tgfx16-cd"}, "Cheats/TGFX16-CD/Dragon Half (SCD)(Jpn).zip": {"hash": "cb93c2ec87a50e119ae57d07589082ee", "size": 278, "tags": [3, 15], "zip_id": "cheats_folder_tgfx16-cd"}, "Cheats/TGFX16-CD/Dragon Knight & Grafitti (SCD)(Jpn).zip": {"hash": "eddf7c98be0ce3db119e483effcc11bd", "size": 1260, "tags": [3, 15], "zip_id": "cheats_folder_tgfx16-cd"}, "Cheats/TGFX16-CD/Dragon Slayer - Eiyuu Densetsu II (SCD)(Jpn).zip": {"hash": "dcf5d04aa8e5beea69c62cb5f5b0a943", "size": 575, "tags": [3, 15], "zip_id": "cheats_folder_tgfx16-cd"}, "Cheats/TGFX16-CD/Dragon Slayer - The Legend of Heroes (SCD)(USA).zip": {"hash": "aa872e99f8e60759da58147ec939377c", "size": 551, "tags": [3, 15], "zip_id": "cheats_folder_tgfx16-cd"}, "Cheats/TGFX16-CD/Dungeon Explorer II (SCD)(Jpn).zip": {"hash": "b2213162c479c57f5f605f120f680382", "size": 4018, "tags": [3, 15], "zip_id": "cheats_folder_tgfx16-cd"}, "Cheats/TGFX16-CD/Dungeon Explorer II (SCD)(USA).zip": {"hash": "1d22337962ac44c902b822564e065cba", "size": 4166, "tags": [3, 15], "zip_id": "cheats_folder_tgfx16-cd"}, "Cheats/TGFX16-CD/Efera & Jiliora - The Emblem from Darkness (CD)(Jpn).zip": {"hash": "c17683a0cf489052ba1a0359f6b97f35", "size": 1034, "tags": [3, 15], "zip_id": "cheats_folder_tgfx16-cd"}, "Cheats/TGFX16-CD/Exile (CD)(USA).zip": {"hash": "8b33e6e0cf233308b338107cdf4b7dce", "size": 838, "tags": [3, 15], "zip_id": "cheats_folder_tgfx16-cd"}, "Cheats/TGFX16-CD/Exile II - Janen no Jishou (SCD)(Jpn).zip": {"hash": "40f97ded089f1517593378bc33b102cc", "size": 272, "tags": [3, 15], "zip_id": "cheats_folder_tgfx16-cd"}, "Cheats/TGFX16-CD/Exile II - Wicked Phenomenon (SCD)(USA).zip": {"hash": "128bbc4ca39b2e0cd744161bf680c0c6", "size": 404, "tags": [3, 15], "zip_id": "cheats_folder_tgfx16-cd"}, "Cheats/TGFX16-CD/Farjius no Jakoutei - Neo Metal Fantasy (SCD)(Jpn).zip": {"hash": "f47dd1f775ff18ad0b1431aac8b441c7", "size": 899, "tags": [3, 15], "zip_id": "cheats_folder_tgfx16-cd"}, "Cheats/TGFX16-CD/Faussete Amour (SCD)(Jpn).zip": {"hash": "1fb76910d63be5a0fb724e0232518adb", "size": 1695, "tags": [3, 15], "zip_id": "cheats_folder_tgfx16-cd"}, "Cheats/TGFX16-CD/Fiend Hunter (SCD)(Jpn).zip": {"hash": "9dd873e0e09c1fef814cfbadcd9c53df", "size": 1452, "tags": [3, 15], "zip_id": "cheats_folder_tgfx16-cd"}, "Cheats/TGFX16-CD/Fighting Street (CD)(Jpn).zip": {"hash": "7294d627edc755b155b05a9c8c2e8b6b", "size": 572, "tags": [3, 15], "zip_id": "cheats_folder_tgfx16-cd"}, "Cheats/TGFX16-CD/Fighting Street (CD)(USA).zip": {"hash": "593b689c65bb183c96c6377c4e4aa5fd", "size": 885, "tags": [3, 15], "zip_id": "cheats_folder_tgfx16-cd"}, "Cheats/TGFX16-CD/Final Zone II (CD)(Jpn).zip": {"hash": "8b123d87ce3373ac0ce7c4b5b745832a", "size": 570, "tags": [3, 15], "zip_id": "cheats_folder_tgfx16-cd"}, "Cheats/TGFX16-CD/Final Zone II (CD)(USA).zip": {"hash": "2c6092674b8f63e92d42a61257e45314", "size": 558, "tags": [3, 15], "zip_id": "cheats_folder_tgfx16-cd"}, "Cheats/TGFX16-CD/Flash Hiders (SCD)(Jpn).zip": {"hash": "f5255f73d601b4cbaddad48abccb082d", "size": 1266, "tags": [3, 15], "zip_id": "cheats_folder_tgfx16-cd"}, "Cheats/TGFX16-CD/Flash Hiders Taikenban (SCD)(Jpn).zip": {"hash": "c06cb49e40391ee6347e4a57de62e672", "size": 1605, "tags": [3, 15], "zip_id": "cheats_folder_tgfx16-cd"}, "Cheats/TGFX16-CD/Forgotten Worlds (SCD)(Jpn).zip": {"hash": "c232b00a6f264ae5eabc4aadbc1a7db5", "size": 714, "tags": [3, 15], "zip_id": "cheats_folder_tgfx16-cd"}, "Cheats/TGFX16-CD/Forgotten Worlds (SCD)(USA).zip": {"hash": "1d809bd754d9f5210f710883cbe0946f", "size": 854, "tags": [3, 15], "zip_id": "cheats_folder_tgfx16-cd"}, "Cheats/TGFX16-CD/Fray CD Xak Gaiden (SCD)(Jpn).zip": {"hash": "8d61124a4887df353b0c7a8bf9dbb4ac", "size": 1446, "tags": [3, 15], "zip_id": "cheats_folder_tgfx16-cd"}, "Cheats/TGFX16-CD/Gain Ground SX (SCD)(Jpn).zip": {"hash": "d1bf445b5e6042743671bf172df7dbb8", "size": 584, "tags": [3, 15], "zip_id": "cheats_folder_tgfx16-cd"}, "Cheats/TGFX16-CD/Galaxy Deka Gayvan (SCD)(Jpn).zip": {"hash": "a4ab9bc1fc79e0a433c6a2e309c1e7df", "size": 754, "tags": [3, 15], "zip_id": "cheats_folder_tgfx16-cd"}, "Cheats/TGFX16-CD/Garou Densetsu II - Aratanaru Tatakai - Sample Disc (ACD)(Jpn).zip": {"hash": "57d75ade79301dcc5060fbb195136586", "size": 642, "tags": [3, 15], "zip_id": "cheats_folder_tgfx16-cd"}, "Cheats/TGFX16-CD/Garou Densetsu II - Aratanaru Tatakai [Imperfect] (ACD)(Jpn).zip": {"hash": "b9b241e30be2d2f612f4629ecfe30f45", "size": 723, "tags": [3, 15], "zip_id": "cheats_folder_tgfx16-cd"}, "Cheats/TGFX16-CD/Garou Densetsu Special (ACD)(Jpn).zip": {"hash": "0590f12187d3ddc449c850fca2a6f821", "size": 1367, "tags": [3, 15], "zip_id": "cheats_folder_tgfx16-cd"}, "Cheats/TGFX16-CD/Garou Densetsu Special - Simple Disc (ACD)(JPN).zip": {"hash": "b4049e09aebabe8d0c29fa376416ba10", "size": 1142, "tags": [3, 15], "zip_id": "cheats_folder_tgfx16-cd"}, "Cheats/TGFX16-CD/Gate of Thunder (SCD)(Jpn).zip": {"hash": "462609b3f6e0fb4f3801efd0dd9ab0d9", "size": 562, "tags": [3, 15], "zip_id": "cheats_folder_tgfx16-cd"}, "Cheats/TGFX16-CD/Genocide (SCD)(Jpn).zip": {"hash": "45a9e2fa03b4c3319c70aa2bf921054e", "size": 280, "tags": [3, 15], "zip_id": "cheats_folder_tgfx16-cd"}, "Cheats/TGFX16-CD/Gensou Tairiku Auleria (CD)(Jpn).zip": {"hash": "be0eab31cd33a9bde0dfa2f64b8f2d3d", "size": 1336, "tags": [3, 15], "zip_id": "cheats_folder_tgfx16-cd"}, "Cheats/TGFX16-CD/Ginga Fukei Densetsu Sapphire (ACD)(Jpn).zip": {"hash": "9ddd1077583f913483e57dd4e2c6f268", "size": 1588, "tags": [3, 15], "zip_id": "cheats_folder_tgfx16-cd"}, "Cheats/TGFX16-CD/God Panic - Shijou Saikyou Gundan (SCD)(Jpn).zip": {"hash": "d950fcecf8a047e554e8f4084bba22bd", "size": 690, "tags": [3, 15], "zip_id": "cheats_folder_tgfx16-cd"}, "Cheats/TGFX16-CD/Godzilla (SCD)(USA).zip": {"hash": "dd70b837ea1309530768db97c2a7febc", "size": 276, "tags": [3, 15], "zip_id": "cheats_folder_tgfx16-cd"}, "Cheats/TGFX16-CD/Godzilla - Bakutou Retsuden (SCD)(Jpn).zip": {"hash": "2313712b348b00939ceda1657b178d0a", "size": 421, "tags": [3, 15], "zip_id": "cheats_folder_tgfx16-cd"}, "Cheats/TGFX16-CD/Golden Axe (CD)(Jpn).zip": {"hash": "dce1faf801551ec6d541de6ef5aee6fc", "size": 693, "tags": [3, 15], "zip_id": "cheats_folder_tgfx16-cd"}, "Cheats/TGFX16-CD/Gotzendiener (SCD)(Jpn).zip": {"hash": "cb53f3078c868f57723aab7065c830a7", "size": 270, "tags": [3, 15], "zip_id": "cheats_folder_tgfx16-cd"}, "Cheats/TGFX16-CD/Gradius II - Gofer no Yabou (SCD)(Jpn).zip": {"hash": "ef78251e92b6c689c155f5cbae2cfad3", "size": 1043, "tags": [3, 15], "zip_id": "cheats_folder_tgfx16-cd"}, "Cheats/TGFX16-CD/Hawk F-123 (SCD)(Jpn).zip": {"hash": "929afdd7136d3e478672d377c23c2686", "size": 1196, "tags": [3, 15], "zip_id": "cheats_folder_tgfx16-cd"}, "Cheats/TGFX16-CD/Hellfire S - The Another Story (CD)(Jpn).zip": {"hash": "b6758feedb634082e498949dab226931", "size": 404, "tags": [3, 15], "zip_id": "cheats_folder_tgfx16-cd"}, "Cheats/TGFX16-CD/Hyper Dyne SideArms Special (CD)(Jpn).zip": {"hash": "0a9f44697781be4560f870f8e4110de5", "size": 844, "tags": [3, 15], "zip_id": "cheats_folder_tgfx16-cd"}, "Cheats/TGFX16-CD/Jim Power - In Mutant Planet (SCD)(Jpn).zip": {"hash": "499a86988f913d385d9261a2b8ad3883", "size": 814, "tags": [3, 15], "zip_id": "cheats_folder_tgfx16-cd"}, "Cheats/TGFX16-CD/Kaizou Choujin Shubibinman III - Ikai no Princess (CD)(Jpn).zip": {"hash": "b8b9067b7fc3886ae5a8631ab2efa23a", "size": 578, "tags": [3, 15], "zip_id": "cheats_folder_tgfx16-cd"}, "Cheats/TGFX16-CD/Kakutou Haou Densetsu Algunos (SCD)(Jpn).zip": {"hash": "cc614218d4bbd0fd3d0fe3a82fb31cef", "size": 578, "tags": [3, 15], "zip_id": "cheats_folder_tgfx16-cd"}, "Cheats/TGFX16-CD/Kaze Kiri - Ninja Action (SCD)(Jpn).zip": {"hash": "0c471976cd0760df5bdfc73f16be9631", "size": 1718, "tags": [3, 15], "zip_id": "cheats_folder_tgfx16-cd"}, "Cheats/TGFX16-CD/Kaze no Densetsu Xanadu (SCD)(Jpn).zip": {"hash": "9d3783cc64ee2812509a49d6cfad1531", "size": 853, "tags": [3, 15], "zip_id": "cheats_folder_tgfx16-cd"}, "Cheats/TGFX16-CD/Kaze no Densetsu Xanadu II (SCD)(Jpn).zip": {"hash": "bc80e3eaf95d71ea80e06ffcdec85838", "size": 824, "tags": [3, 15], "zip_id": "cheats_folder_tgfx16-cd"}, "Cheats/TGFX16-CD/Kiaidan 00 (SCD)(Jpn).zip": {"hash": "9688135b39a9781ecda552e976d2c155", "size": 270, "tags": [3, 15], "zip_id": "cheats_folder_tgfx16-cd"}, "Cheats/TGFX16-CD/L-Dis (CD)(Jpn).zip": {"hash": "8483389b6c300f4e53109e209458527e", "size": 278, "tags": [3, 15], "zip_id": "cheats_folder_tgfx16-cd"}, "Cheats/TGFX16-CD/Last Alert (CD)(USA).zip": {"hash": "9ea3b37c56f1d0f4ae0e3ef8e86a0c7b", "size": 398, "tags": [3, 15], "zip_id": "cheats_folder_tgfx16-cd"}, "Cheats/TGFX16-CD/Legion (CD)(Jpn).zip": {"hash": "a800cf67c49e0ce9bc44625c7ff0b3a9", "size": 270, "tags": [3, 15], "zip_id": "cheats_folder_tgfx16-cd"}, "Cheats/TGFX16-CD/Lords of Thunder (SCD)(USA).zip": {"hash": "3dc48af33d50e5be25b6ac94ab4fb803", "size": 954, "tags": [3, 15], "zip_id": "cheats_folder_tgfx16-cd"}, "Cheats/TGFX16-CD/Mad Stalker - Full Metal Force (ACD)(Jpn).zip": {"hash": "f3576a4ecbdf9701a01fcb6613da421d", "size": 440, "tags": [3, 15], "zip_id": "cheats_folder_tgfx16-cd"}, "Cheats/TGFX16-CD/Magical Fantasy Adventure - Popful Mail (ACD, SCD)(Jpn).zip": {"hash": "9f21c0ae68e578a1c0d3e9de31ae7797", "size": 1975, "tags": [3, 15], "zip_id": "cheats_folder_tgfx16-cd"}, "Cheats/TGFX16-CD/Martial Champion (SCD)(Jpn).zip": {"hash": "de60db98aa8cfdeb073656653f2a441c", "size": 446, "tags": [3, 15], "zip_id": "cheats_folder_tgfx16-cd"}, "Cheats/TGFX16-CD/Meteor Blaster DX (SCD)(USA)[bad toc].zip": {"hash": "0805033b6d3953dc7834bcb5207ce933", "size": 408, "tags": [3, 15], "zip_id": "cheats_folder_tgfx16-cd"}, "Cheats/TGFX16-CD/Monster Lair (CD)(USA).zip": {"hash": "3ab634aa8624280cdc543ba55575404a", "size": 1026, "tags": [3, 15], "zip_id": "cheats_folder_tgfx16-cd"}, "Cheats/TGFX16-CD/Monster Lair - Wonderboy III (CD)(Jpn).zip": {"hash": "8cfa70a13ecc204239046ee225b17a93", "size": 560, "tags": [3, 15], "zip_id": "cheats_folder_tgfx16-cd"}, "Cheats/TGFX16-CD/Mugen Senshi Valis - Legend of a Fantasm Soldier (SCD)(Jpn).zip": {"hash": "ac08f5563569a3fdc8b9ea04100f5591", "size": 1613, "tags": [3, 15], "zip_id": "cheats_folder_tgfx16-cd"}, "Cheats/TGFX16-CD/Mystic Formula (SCD)(Jpn).zip": {"hash": "9445de0efc5b392b6f77bf87f915434b", "size": 746, "tags": [3, 15], "zip_id": "cheats_folder_tgfx16-cd"}, "Cheats/TGFX16-CD/Neo Nectaris (SCD)(Jpn).zip": {"hash": "eb2cd009242440c1cc1f5d65dcb42a89", "size": 281, "tags": [3, 15], "zip_id": "cheats_folder_tgfx16-cd"}, "Cheats/TGFX16-CD/Pachio-kun - Warau Uchuu (SCD)(Jpn).zip": {"hash": "944c1232d8928999ee8bb06114cb3f65", "size": 316, "tags": [3, 15], "zip_id": "cheats_folder_tgfx16-cd"}, "Cheats/TGFX16-CD/Princess Minerva (SCD)(Jpn).zip": {"hash": "52b4942e6c37a9bab4c6400ae28a9031", "size": 622, "tags": [3, 15], "zip_id": "cheats_folder_tgfx16-cd"}, "Cheats/TGFX16-CD/Psychic Storm (SCD)(Jpn).zip": {"hash": "eb6cd25d082f37ccc0bdc1f085fc86c8", "size": 770, "tags": [3, 15], "zip_id": "cheats_folder_tgfx16-cd"}, "Cheats/TGFX16-CD/R-Type Complete CD (SCD)(Jpn).zip": {"hash": "094cd2a721757487b775389d7d26c509", "size": 416, "tags": [3, 15], "zip_id": "cheats_folder_tgfx16-cd"}, "Cheats/TGFX16-CD/Ranma   (CD)(Jpn).zip": {"hash": "a0838f6e1200b9132598bc8bafe71f07", "size": 270, "tags": [3, 15], "zip_id": "cheats_folder_tgfx16-cd"}, "Cheats/TGFX16-CD/Rayxanber II (CD)(Jpn).zip": {"hash": "3dea17f14bc383b00c8077ebcc92f1b6", "size": 404, "tags": [3, 15], "zip_id": "cheats_folder_tgfx16-cd"}, "Cheats/TGFX16-CD/Red Alert (CD)(Jpn).zip": {"hash": "9338423cebfd699167763a462295f6d6", "size": 697, "tags": [3, 15], "zip_id": "cheats_folder_tgfx16-cd"}, "Cheats/TGFX16-CD/Riot Zone (SCD)(USA).zip": {"hash": "cbcdf421f5b48c803036aec8c96aca9d", "size": 406, "tags": [3, 15], "zip_id": "cheats_folder_tgfx16-cd"}, "Cheats/TGFX16-CD/Seirei Senshi Spriggan (CD)(Jpn).zip": {"hash": "fe8bdd60acefef0be611ce4d77eb2052", "size": 404, "tags": [3, 15], "zip_id": "cheats_folder_tgfx16-cd"}, "Cheats/TGFX16-CD/Shadow of the Beast (SCD)(USA).zip": {"hash": "eaafe7424ae7d7d9eb07e2a84658384f", "size": 410, "tags": [3, 15], "zip_id": "cheats_folder_tgfx16-cd"}, "Cheats/TGFX16-CD/Shape Shifter (SCD)(USA).zip": {"hash": "14b1afa854bd2818e4780b567116818e", "size": 710, "tags": [3, 15], "zip_id": "cheats_folder_tgfx16-cd"}, "Cheats/TGFX16-CD/Shin Megami Tensei (SCD)(Jpn).zip": {"hash": "6792ec07658417ddd46727b5e338b5e4", "size": 304, "tags": [3, 15], "zip_id": "cheats_folder_tgfx16-cd"}, "Cheats/TGFX16-CD/Sorcerian (SCD)(Jpn).zip": {"hash": "54ab1651b126b2062f5f68a03dde1019", "size": 767, "tags": [3, 15], "zip_id": "cheats_folder_tgfx16-cd"}, "Cheats/TGFX16-CD/Space Fantasy Zone [Prototype][Backup] (CD, SCD)(Jpn).zip": {"hash": "f1552a8166f531b2a3968ced81f046de", "size": 537, "tags": [3, 15], "zip_id": "cheats_folder_tgfx16-cd"}, "Cheats/TGFX16-CD/Spriggan Mark II - Re Terraform Project [Imperfect] (SCD)(Jpn).zip": {"hash": "e46a7914149707d9b88005b2d0e3a8ea", "size": 270, "tags": [3, 15], "zip_id": "cheats_folder_tgfx16-cd"}, "Cheats/TGFX16-CD/Star Parodia (SCD)(Jpn).zip": {"hash": "641dbeaf33aae1cd7a6e18102933079d", "size": 422, "tags": [3, 15], "zip_id": "cheats_folder_tgfx16-cd"}, "Cheats/TGFX16-CD/Startling Odyssey II - Makyou Sensou (SCD)(Jpn).zip": {"hash": "3f0004ac552abd23b54be03a9b3879f5", "size": 2464, "tags": [3, 15], "zip_id": "cheats_folder_tgfx16-cd"}, "Cheats/TGFX16-CD/Strider Hiryuu (ACD)(Jpn).zip": {"hash": "86712e9d8c64e6a3ac211b668752baff", "size": 1137, "tags": [3, 15], "zip_id": "cheats_folder_tgfx16-cd"}, "Cheats/TGFX16-CD/Summer Carnival '92 - Alzadick (CD)(Jpn).zip": {"hash": "2f4cfaaa6f1afa52a6146b8e599a20f2", "size": 266, "tags": [3, 15], "zip_id": "cheats_folder_tgfx16-cd"}, "Cheats/TGFX16-CD/Summer Carnival '93 - Nexzr Special (SCD)(Jpn).zip": {"hash": "5fbef371e6eecfba571cd9f19d97b27d", "size": 266, "tags": [3, 15], "zip_id": "cheats_folder_tgfx16-cd"}, "Cheats/TGFX16-CD/Super Darius (CD)(Jpn).zip": {"hash": "85ea7325085cf9e78768c27405d0b77d", "size": 794, "tags": [3, 15], "zip_id": "cheats_folder_tgfx16-cd"}, "Cheats/TGFX16-CD/Super Darius II (SCD)(Jpn).zip": {"hash": "c01f4e6b9691c96ccc5114134f431df6", "size": 404, "tags": [3, 15], "zip_id": "cheats_folder_tgfx16-cd"}, "Cheats/TGFX16-CD/Super Raiden (SCD)(Jpn).zip": {"hash": "70bae037bb16e7ba19f6a23bad619cff", "size": 406, "tags": [3, 15], "zip_id": "cheats_folder_tgfx16-cd"}, "Cheats/TGFX16-CD/Syd Mead's Terra Forming (CD, SCD)(USA).zip": {"hash": "fa97e8b65d7d306843d9946fcdb82cc2", "size": 430, "tags": [3, 15], "zip_id": "cheats_folder_tgfx16-cd"}, "Cheats/TGFX16-CD/Sylphia (SCD)(Jpn).zip": {"hash": "9d13c67b7149265db4e6bd58579449d7", "size": 270, "tags": [3, 15], "zip_id": "cheats_folder_tgfx16-cd"}, "Cheats/TGFX16-CD/Tecmo World Cup Super Soccer (SCD)(Jpn).zip": {"hash": "79a9317324ef32b94f6ce35c3952ded0", "size": 564, "tags": [3, 15], "zip_id": "cheats_folder_tgfx16-cd"}, "Cheats/TGFX16-CD/Tenchi wo Kurau (SCD)(Jpn).zip": {"hash": "7a33b9db005ce99973d3be8cbfaa7159", "size": 508, "tags": [3, 15], "zip_id": "cheats_folder_tgfx16-cd"}, "Cheats/TGFX16-CD/Tengai Makyou - Kabuki Ittou Ryoudan (ACD)(Jpn).zip": {"hash": "af6dec49b44ab6a2ba9a786d232748a8", "size": 1167, "tags": [3, 15], "zip_id": "cheats_folder_tgfx16-cd"}, "Cheats/TGFX16-CD/The Addams Family (CD)(USA).zip": {"hash": "9d42bb479cd6a7de31225b05a4ad0ab7", "size": 566, "tags": [3, 15], "zip_id": "cheats_folder_tgfx16-cd"}, "Cheats/TGFX16-CD/The Dynastic Hero (SCD)(USA).zip": {"hash": "cca518c5983e35cb0cabb79be5d3e5af", "size": 453, "tags": [3, 15], "zip_id": "cheats_folder_tgfx16-cd"}, "Cheats/TGFX16-CD/Travel Epuru (SCD)(Jpn).zip": {"hash": "3eff242b643535350649734557d02c42", "size": 293, "tags": [3, 15], "zip_id": "cheats_folder_tgfx16-cd"}, "Cheats/TGFX16-CD/Valis II (CD)(USA).zip": {"hash": "369d641278e846960f913716c28aee33", "size": 787, "tags": [3, 15], "zip_id": "cheats_folder_tgfx16-cd"}, "Cheats/TGFX16-CD/Valis III (CD)(USA).zip": {"hash": "6f81bc90d05529d8e69fb1320b1d3e1b", "size": 1625, "tags": [3, 15], "zip_id": "cheats_folder_tgfx16-cd"}, "Cheats/TGFX16-CD/Valis IV - The Fantasm Soldier (CD)(Jpn).zip": {"hash": "21d0795b951ccc0e77bbe2448cc95dba", "size": 1712, "tags": [3, 15], "zip_id": "cheats_folder_tgfx16-cd"}, "Cheats/TGFX16-CD/Vasteel (CD)(USA).zip": {"hash": "b43126cfe39cf906e77cd1f1e0761454", "size": 752, "tags": [3, 15], "zip_id": "cheats_folder_tgfx16-cd"}, "Cheats/TGFX16-CD/Winds of Thunder (SCD)(Jpn).zip": {"hash": "0c62399b837e7670eb1236342fd93f6e", "size": 528, "tags": [3, 15], "zip_id": "cheats_folder_tgfx16-cd"}, "Cheats/TGFX16-CD/Wizardry I II (SCD)(Jpn).zip": {"hash": "3dafc193cc9c0b08d68538e6e361626a", "size": 2173, "tags": [3, 15], "zip_id": "cheats_folder_tgfx16-cd"}, "Cheats/TGFX16-CD/World Heroes II (ACD)(Jpn).zip": {"hash": "60f10967b3bf2c66c9181d7fc1abaea0", "size": 945, "tags": [3, 15], "zip_id": "cheats_folder_tgfx16-cd"}, "Cheats/TGFX16-CD/Wrestling Universe - Fire Pro Joshi - Dome Choujo Taisen - WOWOW vs. JWP (ACD)(Jpn).zip": {"hash": "60dda8feb3bc18e7ad279fe2b810ce0f", "size": 308, "tags": [3, 15], "zip_id": "cheats_folder_tgfx16-cd"}, "Cheats/TGFX16-CD/Xak I II (SCD)(Jpn).zip": {"hash": "b704e439e321b262f495b8471b5dd41e", "size": 2659, "tags": [3, 15], "zip_id": "cheats_folder_tgfx16-cd"}, "Cheats/TGFX16-CD/Xak III - The Eternal Recurrence (SCD)(Jpn).zip": {"hash": "c5fb80067a4b4132be2978385e0a8131", "size": 996, "tags": [3, 15], "zip_id": "cheats_folder_tgfx16-cd"}, "Cheats/TGFX16-CD/Ys Book I II (CD)(USA).zip": {"hash": "b6fa06da0d4b016938425f464b252208", "size": 2052, "tags": [3, 15], "zip_id": "cheats_folder_tgfx16-cd"}, "Cheats/TGFX16-CD/Ys III - Wanderers from Ys (CD)(USA).zip": {"hash": "d3feb7c19fe4adf75e2f582ba295d093", "size": 2405, "tags": [3, 15], "zip_id": "cheats_folder_tgfx16-cd"}, "Cheats/TGFX16-CD/Ys IV - The Dawn of Ys (SCD)(Jpn, HCD3051-4-1108-R1F).zip": {"hash": "d218c4db30064c69f6e3a02f248cc1f5", "size": 3495, "tags": [3, 15], "zip_id": "cheats_folder_tgfx16-cd"}, "Cheats/TGFX16-CD/Yu Yu Hakusho (SCD)(Jpn).zip": {"hash": "2805fae848b1784f88a6a6c3aba8f727", "size": 438, "tags": [3, 15], "zip_id": "cheats_folder_tgfx16-cd"}, "Cheats/TGFX16-CD/Zero Wing (CD)(Jpn).zip": {"hash": "7b643e7ff3a7448118e5a2c088d29789", "size": 268, "tags": [3, 15], "zip_id": "cheats_folder_tgfx16-cd"}}, "folders": {"Cheats": {"tags": [15], "zip_id": "cheats_folder_tgfx16-cd"}, "Cheats/TGFX16-CD": {"tags": [3, 15], "zip_id": "cheats_folder_tgfx16-cd"}}}