{"files": {"Cheats/TGFX16/1941 - Counter Attack (J) (SGX) [8C4588E2].zip": {"hash": "c4d19de2e29cac5d56a25ec57f460664", "size": 272, "tags": [2, 15], "zip_id": "cheats_folder_tgfx16"}, "Cheats/TGFX16/1943 Kai (J) [79362389].zip": {"hash": "84e795b2b9b513dfb328103063020214", "size": 924, "tags": [2, 15], "zip_id": "cheats_folder_tgfx16"}, "Cheats/TGFX16/Adventure Island (Japan) [8E71D4F3].zip": {"hash": "1c6a6da0dee83a2c4fc88831a1569884", "size": 5382, "tags": [2, 15], "zip_id": "cheats_folder_tgfx16"}, "Cheats/TGFX16/Aero Blasters (USA) [B03E0B32].zip": {"hash": "22ddc9eb5efd45fd438afe2fe5d40c0c", "size": 1126, "tags": [2, 15], "zip_id": "cheats_folder_tgfx16"}, "Cheats/TGFX16/After Burner II (Japan) [CA72A828].zip": {"hash": "1aec3920d977865915e845fbc6ed5b44", "size": 562, "tags": [2, 15], "zip_id": "cheats_folder_tgfx16"}, "Cheats/TGFX16/Air Zonk (USA) [933D5BCC].zip": {"hash": "ead8d329dd7b9f6982dfe33113187dbe", "size": 409, "tags": [2, 15], "zip_id": "cheats_folder_tgfx16"}, "Cheats/TGFX16/Aldynes (J) (SGX) [4C2126B0].zip": {"hash": "88503877bb586ee719fa4e5b48eb92fc", "size": 548, "tags": [2, 15], "zip_id": "cheats_folder_tgfx16"}, "Cheats/TGFX16/Alien Crush (USA) [EA488494].zip": {"hash": "4347575ae3f9e4a5d9a6eeb96c604b3a", "size": 270, "tags": [2, 15], "zip_id": "cheats_folder_tgfx16"}, "Cheats/TGFX16/Andre' Panza Kick Boxing (USA) [A980E0E9].zip": {"hash": "e8ce5602488ea10f2203860268adbc56", "size": 562, "tags": [2, 15], "zip_id": "cheats_folder_tgfx16"}, "Cheats/TGFX16/Aoi Blink (Japan) [08A09B9A].zip": {"hash": "78e92538cfbac61dbf187abd29cbb552", "size": 546, "tags": [2, 15], "zip_id": "cheats_folder_tgfx16"}, "Cheats/TGFX16/Appare! Gateball (Japan) [2B54CBA2].zip": {"hash": "434500fbdc16799e479272e696f4bc16", "size": 278, "tags": [2, 15], "zip_id": "cheats_folder_tgfx16"}, "Cheats/TGFX16/Armed F (Japan) [20EF87FD].zip": {"hash": "7cc4e676b9edc59631f056a062b8fd5c", "size": 700, "tags": [2, 15], "zip_id": "cheats_folder_tgfx16"}, "Cheats/TGFX16/Atomic Robo-Kid Special (Japan) [DD175EFD].zip": {"hash": "64c2d65b61a20d98d7b49422e51b74d7", "size": 546, "tags": [2, 15], "zip_id": "cheats_folder_tgfx16"}, "Cheats/TGFX16/Ballistix (USA) [420FA189].zip": {"hash": "768941909522b3d5a52e6ed49d948742", "size": 271, "tags": [2, 15], "zip_id": "cheats_folder_tgfx16"}, "Cheats/TGFX16/Bari Bari Densetsu (Japan) [C267E25D].zip": {"hash": "d009976dc4ad50514de427071d9dc653", "size": 575, "tags": [2, 15], "zip_id": "cheats_folder_tgfx16"}, "Cheats/TGFX16/Barunba (Japan) [4A3DF3CA].zip": {"hash": "a726ee27a296d0efe25ca3d0c62c776d", "size": 423, "tags": [2, 15], "zip_id": "cheats_folder_tgfx16"}, "Cheats/TGFX16/Batman (Japan) [106BB7B2].zip": {"hash": "4c73e0bf39728e52acb08f0639f97ed5", "size": 2863, "tags": [2, 15], "zip_id": "cheats_folder_tgfx16"}, "Cheats/TGFX16/Battle Lode Runner (Japan) [59E44F45].zip": {"hash": "62a046ed6687f0e90e7c278574accee9", "size": 447, "tags": [2, 15], "zip_id": "cheats_folder_tgfx16"}, "Cheats/TGFX16/Battle Royale (USA) [E70B01AF].zip": {"hash": "24730d4d23d6c26a712846faec4ba7fa", "size": 273, "tags": [2, 15], "zip_id": "cheats_folder_tgfx16"}, "Cheats/TGFX16/Be Ball (Japan) [E439F299].zip": {"hash": "5b02fc60c5e5cdd948a2a7034487fdc1", "size": 416, "tags": [2, 15], "zip_id": "cheats_folder_tgfx16"}, "Cheats/TGFX16/Be Ball (Tai Sang Version) (J) [968770F6].zip": {"hash": "5b02fc60c5e5cdd948a2a7034487fdc1", "size": 416, "tags": [2, 15], "zip_id": "cheats_folder_tgfx16"}, "Cheats/TGFX16/Benkei Gaiden (Japan) (Alt 1) [E1A73797].zip": {"hash": "7e01e938a610a3ec0f8cbfc0ebbe361d", "size": 572, "tags": [2, 15], "zip_id": "cheats_folder_tgfx16"}, "Cheats/TGFX16/Bikkuriman World (Japan) [2841FD1E].zip": {"hash": "c2013914df94d0c16f607d79431af05a", "size": 1300, "tags": [2, 15], "zip_id": "cheats_folder_tgfx16"}, "Cheats/TGFX16/Blazing Lazers (USA) [B4A1B0F6].zip": {"hash": "c2870c9ccc8a4a8ce6c00af9a5b0ba0e", "size": 544, "tags": [2, 15], "zip_id": "cheats_folder_tgfx16"}, "Cheats/TGFX16/Blodia (Japan) [958BCD09].zip": {"hash": "af18f33251274c4b4d8c3ae94a8f9a6d", "size": 288, "tags": [2, 15], "zip_id": "cheats_folder_tgfx16"}, "Cheats/TGFX16/Bloody Wolf (USA) [37BAF6BC].zip": {"hash": "eea4b7ee11d5eaa786fa027a82505c30", "size": 2051, "tags": [2, 15], "zip_id": "cheats_folder_tgfx16"}, "Cheats/TGFX16/Bodycon Quest II (Japan) (Unl) [FFD92458].zip": {"hash": "ec8dc0c4ea5af9ab66940828c845d5d0", "size": 414, "tags": [2, 15], "zip_id": "cheats_folder_tgfx16"}, "Cheats/TGFX16/Bomberman '93 (USA) [56171C1C].zip": {"hash": "b71114bac0a80c3c72381962c51326f9", "size": 3344, "tags": [2, 15], "zip_id": "cheats_folder_tgfx16"}, "Cheats/TGFX16/Bomberman '93 - Special Version (Japan) [02309AA0].zip": {"hash": "8dd57ebcba6dc8167a49ec558dba2deb", "size": 266, "tags": [2, 15], "zip_id": "cheats_folder_tgfx16"}, "Cheats/TGFX16/Bomberman '94 (Japan) [05362516].zip": {"hash": "92e8b3f8c37b477b6a88301c7bfcd0fd", "size": 402, "tags": [2, 15], "zip_id": "cheats_folder_tgfx16"}, "Cheats/TGFX16/Bomberman (USA) [5F6F3C2A].zip": {"hash": "a820323982e8f5ad46254a42a0960a37", "size": 835, "tags": [2, 15], "zip_id": "cheats_folder_tgfx16"}, "Cheats/TGFX16/Bomberman - Users Battle (Japan) [1489FA51].zip": {"hash": "c20408c9c279bf71b852ed72f76ad7a7", "size": 276, "tags": [2, 15], "zip_id": "cheats_folder_tgfx16"}, "Cheats/TGFX16/Bonk 3 - Bonk's Big Adventure (USA) [5A3F76D8].zip": {"hash": "f2df5f5bb7034df3629394ffee3c8699", "size": 1964, "tags": [2, 15], "zip_id": "cheats_folder_tgfx16"}, "Cheats/TGFX16/Bonk's Adventure (USA) [599EAD9B].zip": {"hash": "95c254c616131e60db3f6aa12fbed227", "size": 2253, "tags": [2, 15], "zip_id": "cheats_folder_tgfx16"}, "Cheats/TGFX16/Bonk's Revenge (USA) [14250F9A].zip": {"hash": "ca65e418ce1a9fe91650fc0a4774d733", "size": 1997, "tags": [2, 15], "zip_id": "cheats_folder_tgfx16"}, "Cheats/TGFX16/Bouken Danshaku Don - The Lost Sunheart (Japan) [8F4D9F94].zip": {"hash": "68366fc8d093b7b2ebd9024e4688d2ca", "size": 705, "tags": [2, 15], "zip_id": "cheats_folder_tgfx16"}, "Cheats/TGFX16/Boxyboy (USA) [605BE213].zip": {"hash": "21ad6804081bb640a13e3ffd6924fe5d", "size": 274, "tags": [2, 15], "zip_id": "cheats_folder_tgfx16"}, "Cheats/TGFX16/Bravoman (USA) [CCA08B02].zip": {"hash": "2b18b452e5badd4b72a70b5cd15b400b", "size": 408, "tags": [2, 15], "zip_id": "cheats_folder_tgfx16"}, "Cheats/TGFX16/Bull Fight - Ring no Hasha (Japan) [5C4D1991].zip": {"hash": "097250bdff964913592c599c46c4788c", "size": 1789, "tags": [2, 15], "zip_id": "cheats_folder_tgfx16"}, "Cheats/TGFX16/Burning Angels (Japan) [D233C05A].zip": {"hash": "8b2da853a9ec6ec97631cc57f58f45d8", "size": 726, "tags": [2, 15], "zip_id": "cheats_folder_tgfx16"}, "Cheats/TGFX16/Busou Keiji - Cyber Cross (Japan) [D0C250CA].zip": {"hash": "83a0fe834faaceb28845e574c119aeb6", "size": 404, "tags": [2, 15], "zip_id": "cheats_folder_tgfx16"}, "Cheats/TGFX16/Cadash (USA) [BB0B3AEF].zip": {"hash": "fee4577c8c3491711a476e5461171ee8", "size": 1882, "tags": [2, 15], "zip_id": "cheats_folder_tgfx16"}, "Cheats/TGFX16/Champion Wrestler (Japan) [9EDC0AEA].zip": {"hash": "cc4f4d0f9203557d715b3e3d70e38179", "size": 434, "tags": [2, 15], "zip_id": "cheats_folder_tgfx16"}, "Cheats/TGFX16/Champions Forever Boxing (USA) [15EE889A].zip": {"hash": "2062c2f3ae4c175848caf821d8f63846", "size": 1163, "tags": [2, 15], "zip_id": "cheats_folder_tgfx16"}, "Cheats/TGFX16/Chase H.Q. (USA) [9298254C].zip": {"hash": "b6f61025b97315701a0d8694996ea661", "size": 678, "tags": [2, 15], "zip_id": "cheats_folder_tgfx16"}, "Cheats/TGFX16/Chew-Man-Fu (USA) [8CD13E9A].zip": {"hash": "a84fd6c109a917987e14b211c976bfdc", "size": 544, "tags": [2, 15], "zip_id": "cheats_folder_tgfx16"}, "Cheats/TGFX16/China Warrior (USA) [A2EE361D].zip": {"hash": "1a6589f17d056b7fa6546322637e201b", "size": 410, "tags": [2, 15], "zip_id": "cheats_folder_tgfx16"}, "Cheats/TGFX16/Chouzetsurinjin Bravoman (Japan) [0DF57C90].zip": {"hash": "58859312b60f29f899232f1d2ac37cd6", "size": 561, "tags": [2, 15], "zip_id": "cheats_folder_tgfx16"}, "Cheats/TGFX16/Circus Lido (Japan) [C3212C24].zip": {"hash": "762755c99282f09ffa770264b3297eac", "size": 270, "tags": [2, 15], "zip_id": "cheats_folder_tgfx16"}, "Cheats/TGFX16/City Hunter (Japan) [F91B055F].zip": {"hash": "47adc78340d35d479b4d6a808bc47b4a", "size": 423, "tags": [2, 15], "zip_id": "cheats_folder_tgfx16"}, "Cheats/TGFX16/Columns (Japan) [99F7A572].zip": {"hash": "8ac8b3a84f2e2047ed2e3801c37873e0", "size": 294, "tags": [2, 15], "zip_id": "cheats_folder_tgfx16"}, "Cheats/TGFX16/Coryoon - Child of Dragon (Japan) [B4D29E3B].zip": {"hash": "7fd3dbf0e237d8147951d7ce8054aa1e", "size": 546, "tags": [2, 15], "zip_id": "cheats_folder_tgfx16"}, "Cheats/TGFX16/Cratermaze (USA) [9033E83A].zip": {"hash": "a49a04213582c3321fba9f7ea357975f", "size": 690, "tags": [2, 15], "zip_id": "cheats_folder_tgfx16"}, "Cheats/TGFX16/Cross Wiber - Cyber Combat Police (Japan) [2DF97BD0].zip": {"hash": "732d5c1cdc0e7f4adf016df296f2b3ac", "size": 408, "tags": [2, 15], "zip_id": "cheats_folder_tgfx16"}, "Cheats/TGFX16/Cyber Core (USA) [4CFB6E3E].zip": {"hash": "e7ca30db40b46a5fc7a2cd7708ca6a5f", "size": 412, "tags": [2, 15], "zip_id": "cheats_folder_tgfx16"}, "Cheats/TGFX16/Cyber Dodge (Japan) [B5326B16].zip": {"hash": "d319bcde044b8a451582699df5f77332", "size": 1494, "tags": [2, 15], "zip_id": "cheats_folder_tgfx16"}, "Cheats/TGFX16/Cyber Knight (Japan) [A594FAC0].zip": {"hash": "2fd02996d35c9b9883bf793e8615046c", "size": 290, "tags": [2, 15], "zip_id": "cheats_folder_tgfx16"}, "Cheats/TGFX16/Daimakaimura (J) (SGX) [B486A8ED].zip": {"hash": "617d8ba8970f82627b8a988c88528a07", "size": 1298, "tags": [2, 15], "zip_id": "cheats_folder_tgfx16"}, "Cheats/TGFX16/Daisenpuu (Japan) [9107BCC8].zip": {"hash": "611e85426f138644139f77ecb98012d0", "size": 551, "tags": [2, 15], "zip_id": "cheats_folder_tgfx16"}, "Cheats/TGFX16/Darius Alpha (Japan) (SG Enhanced) [B0BA689F].zip": {"hash": "3ff58146eec7fdcc2511aa3183495153", "size": 406, "tags": [2, 15], "zip_id": "cheats_folder_tgfx16"}, "Cheats/TGFX16/Darius Plus (Japan) (SG Enhanced) [BEBFE042].zip": {"hash": "00c1ec30542534d6dce0c0cedb9603fd", "size": 658, "tags": [2, 15], "zip_id": "cheats_folder_tgfx16"}, "Cheats/TGFX16/Darkwing Duck (USA) [4AC97606].zip": {"hash": "1791e6e611b639b8b5d26bf1cdf69d71", "size": 406, "tags": [2, 15], "zip_id": "cheats_folder_tgfx16"}, "Cheats/TGFX16/Dead Moon (USA) [F5D98B0B].zip": {"hash": "da3d6dfbbbbf5a2d5baa27206d511577", "size": 697, "tags": [2, 15], "zip_id": "cheats_folder_tgfx16"}, "Cheats/TGFX16/Dead Moon - Getsu Sekai no Akumu (Japan) [56739BC7].zip": {"hash": "da3d6dfbbbbf5a2d5baa27206d511577", "size": 697, "tags": [2, 15], "zip_id": "cheats_folder_tgfx16"}, "Cheats/TGFX16/Deep Blue (USA) [16B40B44].zip": {"hash": "9e99869e6dd80ec4ea2ca183b2540e0e", "size": 272, "tags": [2, 15], "zip_id": "cheats_folder_tgfx16"}, "Cheats/TGFX16/Detana!! TwinBee (Japan) [5CF59D80].zip": {"hash": "b106e851fc10936f2eb9c5503e582572", "size": 850, "tags": [2, 15], "zip_id": "cheats_folder_tgfx16"}, "Cheats/TGFX16/Devil Crash - Naxat Pinball (Japan) [4EC81A80].zip": {"hash": "8acdbc89874f354ed19ad5177dff4c54", "size": 278, "tags": [2, 15], "zip_id": "cheats_folder_tgfx16"}, "Cheats/TGFX16/Devil's Crush (USA) [157B4492].zip": {"hash": "252225374d77ecb5eaf2e30b87d6c66b", "size": 270, "tags": [2, 15], "zip_id": "cheats_folder_tgfx16"}, "Cheats/TGFX16/Die Hard (Japan) [1B5B1CB1].zip": {"hash": "61761632f0367989e02bebfc4370d620", "size": 847, "tags": [2, 15], "zip_id": "cheats_folder_tgfx16"}, "Cheats/TGFX16/Digital Champ (Japan) [17BA3032].zip": {"hash": "afc11ba3cc4fde3fbec1c4acfaae6006", "size": 272, "tags": [2, 15], "zip_id": "cheats_folder_tgfx16"}, "Cheats/TGFX16/Don Doko Don! (Japan) [F42AA73E].zip": {"hash": "105c6046b5c768565f06d155abec8999", "size": 566, "tags": [2, 15], "zip_id": "cheats_folder_tgfx16"}, "Cheats/TGFX16/Doraemon - Meikyuu Daisakusen (Japan) [DC760A07].zip": {"hash": "8ee037f1dc2c81fad925055780b7f6aa", "size": 682, "tags": [2, 15], "zip_id": "cheats_folder_tgfx16"}, "Cheats/TGFX16/Doraemon - Nobita no Dorabian Night (Japan) [013A747F].zip": {"hash": "0e8e4c2627b76b5b7d4c8329cff5553f", "size": 546, "tags": [2, 15], "zip_id": "cheats_folder_tgfx16"}, "Cheats/TGFX16/Double Dungeons (USA) [4A1A8C60].zip": {"hash": "97a57e5e2dab31290e05ac5fa7079ff2", "size": 1680, "tags": [2, 15], "zip_id": "cheats_folder_tgfx16"}, "Cheats/TGFX16/Download (Japan) [85101C20].zip": {"hash": "2013f8bff6e15ad10f8b49f84c9c12f4", "size": 741, "tags": [2, 15], "zip_id": "cheats_folder_tgfx16"}, "Cheats/TGFX16/Dragon Egg! (Japan) [442405D5].zip": {"hash": "bfbb5f01d89fb7e7c3c4ff230fda0e02", "size": 1932, "tags": [2, 15], "zip_id": "cheats_folder_tgfx16"}, "Cheats/TGFX16/Dragon Saber - After Story of Dragon Spirit (Japan) [3219849C].zip": {"hash": "75739178227f147d4d73e1260effc366", "size": 706, "tags": [2, 15], "zip_id": "cheats_folder_tgfx16"}, "Cheats/TGFX16/Dragon Spirit (USA) [086F148C].zip": {"hash": "3a062f039dc26adec09b86b477c81361", "size": 410, "tags": [2, 15], "zip_id": "cheats_folder_tgfx16"}, "Cheats/TGFX16/Dragon's Curse (USA) [7D2C4B09].zip": {"hash": "66b214e96a20243469f293e8a4e982d4", "size": 5092, "tags": [2, 15], "zip_id": "cheats_folder_tgfx16"}, "Cheats/TGFX16/Drop Off (USA) [FEA27B32].zip": {"hash": "782012f6e64714278c19f3fabea7fd8c", "size": 1206, "tags": [2, 15], "zip_id": "cheats_folder_tgfx16"}, "Cheats/TGFX16/Drop Rock Hora Hora (Japan) (Alt 1) [8E81FCAC].zip": {"hash": "f62bd4e25454bf0762c89c92ba713d67", "size": 414, "tags": [2, 15], "zip_id": "cheats_folder_tgfx16"}, "Cheats/TGFX16/Drop Rock Hora Hora (Japan) [67EC5EC4].zip": {"hash": "bce599f6ba47e17726ceff0b9276b905", "size": 414, "tags": [2, 15], "zip_id": "cheats_folder_tgfx16"}, "Cheats/TGFX16/Dungeon Explorer (USA) [4FF01515].zip": {"hash": "05703e29508e6a3943317420186b0129", "size": 281, "tags": [2, 15], "zip_id": "cheats_folder_tgfx16"}, "Cheats/TGFX16/Dungeons & Dragons - Order of the Griffon (USA) [FAE0FC60].zip": {"hash": "0cac96e2d2a184eaf4c70ed8e80be52f", "size": 280, "tags": [2, 15], "zip_id": "cheats_folder_tgfx16"}, "Cheats/TGFX16/Energy (Japan) [CA68FF21].zip": {"hash": "c2ecaa6b78da54b41177dbc6b995139f", "size": 280, "tags": [2, 15], "zip_id": "cheats_folder_tgfx16"}, "Cheats/TGFX16/Eternal City - Toshi Tensou Keikaku (Japan) [B18D102D].zip": {"hash": "fb52c4b25d079cf9852c83ea5585e58a", "size": 398, "tags": [2, 15], "zip_id": "cheats_folder_tgfx16"}, "Cheats/TGFX16/F-1 Dream (Japan) [D50FF730].zip": {"hash": "91b5902126e9f734b9be30511eb81a88", "size": 542, "tags": [2, 15], "zip_id": "cheats_folder_tgfx16"}, "Cheats/TGFX16/F1 Triple Battle (Japan) [13BF0409].zip": {"hash": "3498affd0f974948af1d2443fd801771", "size": 410, "tags": [2, 15], "zip_id": "cheats_folder_tgfx16"}, "Cheats/TGFX16/Fantasy Zone (USA) [E8C3573D].zip": {"hash": "0415f93fa353eea8c38f4ca86208701b", "size": 1537, "tags": [2, 15], "zip_id": "cheats_folder_tgfx16"}, "Cheats/TGFX16/Fighting Run (Japan) [1828D2E5].zip": {"hash": "c5e6329b6da7b4371299b3cd5a37c90d", "size": 578, "tags": [2, 15], "zip_id": "cheats_folder_tgfx16"}, "Cheats/TGFX16/Final Blaster (Japan) [C90971BA].zip": {"hash": "c09bb75144c559b7977588b9d1b60384", "size": 563, "tags": [2, 15], "zip_id": "cheats_folder_tgfx16"}, "Cheats/TGFX16/Final Lap Twin (USA) [26408EA3].zip": {"hash": "28492b8b962556cf5656d3e6d66da7c4", "size": 458, "tags": [2, 15], "zip_id": "cheats_folder_tgfx16"}, "Cheats/TGFX16/Final Soldier (Japan) (En) [AF2DD2AF].zip": {"hash": "b074223adffaf2df19b56f65f928aabf", "size": 406, "tags": [2, 15], "zip_id": "cheats_folder_tgfx16"}, "Cheats/TGFX16/Final Soldier - Special Version (Japan) (En) [02A578C5].zip": {"hash": "a2e845f45456c6b3e18c75c957e25d83", "size": 536, "tags": [2, 15], "zip_id": "cheats_folder_tgfx16"}, "Cheats/TGFX16/Fire Pro Wrestling 2 - 2nd Bout (Japan) [E88987BB].zip": {"hash": "4115c825f439098a0fecda9136dfe1b0", "size": 762, "tags": [2, 15], "zip_id": "cheats_folder_tgfx16"}, "Cheats/TGFX16/Fushigi no Yume no Alice (Japan) [12C4E6FD].zip": {"hash": "8a9e7a1ff832b2e46e08fd14d415bdb0", "size": 724, "tags": [2, 15], "zip_id": "cheats_folder_tgfx16"}, "Cheats/TGFX16/Galaga '88 (Japan) [1A8393C6].zip": {"hash": "7f8fb997f6006e6d6d5345636430e3ad", "size": 567, "tags": [2, 15], "zip_id": "cheats_folder_tgfx16"}, "Cheats/TGFX16/Galaga '90 (USA) [2909DEC6].zip": {"hash": "887203dfe901867d49d6bed558438967", "size": 429, "tags": [2, 15], "zip_id": "cheats_folder_tgfx16"}, "Cheats/TGFX16/Gekisha Boy (Japan) [E8702D51].zip": {"hash": "5f9635fc6fa558e2a25d7014b33bc967", "size": 276, "tags": [2, 15], "zip_id": "cheats_folder_tgfx16"}, "Cheats/TGFX16/Genji Tsuushin Agedama (Japan) [AD450DFC].zip": {"hash": "4f12c9a305b2eee836d386eed4d1d378", "size": 413, "tags": [2, 15], "zip_id": "cheats_folder_tgfx16"}, "Cheats/TGFX16/Genpei Toumaden (Japan) [B926C682].zip": {"hash": "007904461cf8ecb21846bf7af05fa128", "size": 408, "tags": [2, 15], "zip_id": "cheats_folder_tgfx16"}, "Cheats/TGFX16/Genpei Toumaden - Kan no Ni (Japan) [8793758C].zip": {"hash": "6a363492867d8c4763bfa831eedcf5c8", "size": 272, "tags": [2, 15], "zip_id": "cheats_folder_tgfx16"}, "Cheats/TGFX16/Ghost Manor (USA) [2DB4C1FD].zip": {"hash": "f83c193e177be5219d80425f2602b8c7", "size": 697, "tags": [2, 15], "zip_id": "cheats_folder_tgfx16"}, "Cheats/TGFX16/Gokuraku! Chuuka Taisen (Japan) [E749A22C].zip": {"hash": "38ecf24b538b375a4e3cc3864f709186", "size": 1130, "tags": [2, 15], "zip_id": "cheats_folder_tgfx16"}, "Cheats/TGFX16/Gomola Speed (Japan) [4BD38F17].zip": {"hash": "d64e5acc21a21274f746d64b155a7b87", "size": 885, "tags": [2, 15], "zip_id": "cheats_folder_tgfx16"}, "Cheats/TGFX16/Gradius (Japan) [0517DA65].zip": {"hash": "94eb336742de72998a55e4dcecda2442", "size": 734, "tags": [2, 15], "zip_id": "cheats_folder_tgfx16"}, "Cheats/TGFX16/Gunhed (Japan) [A17D4D7E].zip": {"hash": "6799f2dcf8e5ae865fa5b28e20908041", "size": 418, "tags": [2, 15], "zip_id": "cheats_folder_tgfx16"}, "Cheats/TGFX16/Gunhed - Special Version (Japan) [57F183AE].zip": {"hash": "c2870c9ccc8a4a8ce6c00af9a5b0ba0e", "size": 544, "tags": [2, 15], "zip_id": "cheats_folder_tgfx16"}, "Cheats/TGFX16/Hana Taaka Daka! (Japan) [BA4D0DD4].zip": {"hash": "07854b5aacfb445a92ac34c63630dc22", "size": 561, "tags": [2, 15], "zip_id": "cheats_folder_tgfx16"}, "Cheats/TGFX16/Hanii in the Sky (Japan) [BF3E2CC7].zip": {"hash": "f5764b6079bef53fd4a862790b208781", "size": 272, "tags": [2, 15], "zip_id": "cheats_folder_tgfx16"}, "Cheats/TGFX16/Hanii on the Road (Japan) [9897FA86].zip": {"hash": "c49083c4cfd9b9b9d1fb0cf179c511ac", "size": 402, "tags": [2, 15], "zip_id": "cheats_folder_tgfx16"}, "Cheats/TGFX16/Heavy Unit (Japan) [EB923DE5].zip": {"hash": "2f1529c4c1066123372efe6cdf32c293", "size": 403, "tags": [2, 15], "zip_id": "cheats_folder_tgfx16"}, "Cheats/TGFX16/Hit the Ice - VHL - The Official Video Hockey League (USA) [8B29C3AA].zip": {"hash": "bff5e09da79781c9592669f8c7d9bf7b", "size": 271, "tags": [2, 15], "zip_id": "cheats_folder_tgfx16"}, "Cheats/TGFX16/Idol Hanafuda Fan Club (Japan) (Unl) [9EC6FC6C].zip": {"hash": "6ec69e8bc49dd5e74bb7fcc4e3762a32", "size": 616, "tags": [2, 15], "zip_id": "cheats_folder_tgfx16"}, "Cheats/TGFX16/Image Fight (Japan) [A80C565F].zip": {"hash": "d278e03a97abe7c8a8cf0493d093a3b7", "size": 270, "tags": [2, 15], "zip_id": "cheats_folder_tgfx16"}, "Cheats/TGFX16/Impossamole (USA) [E2470F5F].zip": {"hash": "f284b8442235451da4e6db44bc5e1cdf", "size": 546, "tags": [2, 15], "zip_id": "cheats_folder_tgfx16"}, "Cheats/TGFX16/J.J. & Jeff (USA) [E01C5127].zip": {"hash": "437e0673694e7b7c07e0694b6684f298", "size": 560, "tags": [2, 15], "zip_id": "cheats_folder_tgfx16"}, "Cheats/TGFX16/J.League Greatest Eleven (Japan) [0AD97B04].zip": {"hash": "d45f26547be5b8150727e9ce2891dd6a", "size": 419, "tags": [2, 15], "zip_id": "cheats_folder_tgfx16"}, "Cheats/TGFX16/Jack Nicklaus - Championship Golf (Japan) [EA751E82].zip": {"hash": "96a1fdd1f6ae65bf231dcd23304d518b", "size": 284, "tags": [2, 15], "zip_id": "cheats_folder_tgfx16"}, "Cheats/TGFX16/Jack Nicklaus' Turbo Golf (USA) [83384572].zip": {"hash": "96a1fdd1f6ae65bf231dcd23304d518b", "size": 284, "tags": [2, 15], "zip_id": "cheats_folder_tgfx16"}, "Cheats/TGFX16/Jackie Chan's Action Kung Fu (USA) [9D2F6193].zip": {"hash": "3b30fe9fe27a105627b9be33bf54ec0c", "size": 727, "tags": [2, 15], "zip_id": "cheats_folder_tgfx16"}, "Cheats/TGFX16/Jaseiken Necromancer (Japan) [53109AE6].zip": {"hash": "6b39645a437e316f57471210f91c2f91", "size": 1530, "tags": [2, 15], "zip_id": "cheats_folder_tgfx16"}, "Cheats/TGFX16/Jigoku Meguri (Japan) [CC7D3EEB].zip": {"hash": "493c07a8332416098452bae8d7d654b3", "size": 566, "tags": [2, 15], "zip_id": "cheats_folder_tgfx16"}, "Cheats/TGFX16/Jinmu Denshou (Japan) [C150637A].zip": {"hash": "0e700196439097fc591839b80f669ad5", "size": 408, "tags": [2, 15], "zip_id": "cheats_folder_tgfx16"}, "Cheats/TGFX16/Juuouki (Japan) [C8C7D63E].zip": {"hash": "572ce7e7b3f856f6f9476077b1e46d2e", "size": 716, "tags": [2, 15], "zip_id": "cheats_folder_tgfx16"}, "Cheats/TGFX16/Kaizou Choujin Shubibinman (Japan) [A9084D6E].zip": {"hash": "755a5d7f189e23e3d32fe60f38d3d41a", "size": 429, "tags": [2, 15], "zip_id": "cheats_folder_tgfx16"}, "Cheats/TGFX16/Kaizou Choujin Shubibinman 2 - Aratanaru Teki (Japan) [109BA474].zip": {"hash": "1cb6bde21acab3e4f4d3e7b662cace85", "size": 691, "tags": [2, 15], "zip_id": "cheats_folder_tgfx16"}, "Cheats/TGFX16/Kato-chan Ken-chan (Japan) [6069C5E7].zip": {"hash": "0c265728f5f35357566b8e225280eb64", "size": 594, "tags": [2, 15], "zip_id": "cheats_folder_tgfx16"}, "Cheats/TGFX16/Kattobi! Takuhai-kun (Japan) [4F2844B0].zip": {"hash": "3db6f9a242591850398ddf3d431194ab", "size": 534, "tags": [2, 15], "zip_id": "cheats_folder_tgfx16"}, "Cheats/TGFX16/Keith Courage in Alpha Zones (USA) [474D7A72].zip": {"hash": "80e0fe10e05cd8b1991a8af3e272854e", "size": 1028, "tags": [2, 15], "zip_id": "cheats_folder_tgfx16"}, "Cheats/TGFX16/KickBall (Japan) [7E3C367B].zip": {"hash": "c8bee80d767f62e16eb747e6f3ba6654", "size": 667, "tags": [2, 15], "zip_id": "cheats_folder_tgfx16"}, "Cheats/TGFX16/Kiki Kaikai (Japan) [C0CB5ADD].zip": {"hash": "2a973f600825682a2e1fd6a68c62a627", "size": 422, "tags": [2, 15], "zip_id": "cheats_folder_tgfx16"}, "Cheats/TGFX16/Klax (USA) [0F1B59B4].zip": {"hash": "081e92335c87db9f1dfdd782e0e5c664", "size": 433, "tags": [2, 15], "zip_id": "cheats_folder_tgfx16"}, "Cheats/TGFX16/Knight Rider Special (Japan) [C614116C].zip": {"hash": "f38bbf95e28e746b818a4f44d2c0ab1b", "size": 404, "tags": [2, 15], "zip_id": "cheats_folder_tgfx16"}, "Cheats/TGFX16/Kung Fu, The (Japan) [B552C906].zip": {"hash": "cd9c5e7627095d0199460d3d980022e3", "size": 410, "tags": [2, 15], "zip_id": "cheats_folder_tgfx16"}, "Cheats/TGFX16/Kyuukyoku Tiger (Japan) [09509315].zip": {"hash": "4fcbdde5e259321e496f51f2195b3f09", "size": 562, "tags": [2, 15], "zip_id": "cheats_folder_tgfx16"}, "Cheats/TGFX16/Lady Sword - Ryakudatsu Sareta 10-nin no Otome (Japan) (Unl) [C6F764EC].zip": {"hash": "9bfa9ab7e61a32d862c9ec32ace4b4a9", "size": 888, "tags": [2, 15], "zip_id": "cheats_folder_tgfx16"}, "Cheats/TGFX16/Legend of Hero Tonma (U) [0258ACCB].zip": {"hash": "02e07892dd59e59a3e94bddbbfaeb78e", "size": 406, "tags": [2, 15], "zip_id": "cheats_folder_tgfx16"}, "Cheats/TGFX16/Legend of Hero Tonma (USA) [3C131486].zip": {"hash": "5abf52bfaca10c773986ea62aaa6e19d", "size": 1532, "tags": [2, 15], "zip_id": "cheats_folder_tgfx16"}, "Cheats/TGFX16/Legendary Axe II (USA) [220EBF91].zip": {"hash": "1b3da63461fa481974739b21bb941486", "size": 1559, "tags": [2, 15], "zip_id": "cheats_folder_tgfx16"}, "Cheats/TGFX16/Legendary Axe, The (USA) [2D211007].zip": {"hash": "99632e1034574b6dd45a0fa5a1e83e29", "size": 1164, "tags": [2, 15], "zip_id": "cheats_folder_tgfx16"}, "Cheats/TGFX16/Lode Runner - Lost Labyrinth (Japan) [E6EE1468].zip": {"hash": "06fe22f2af2855f50a8a8d34964bb502", "size": 451, "tags": [2, 15], "zip_id": "cheats_folder_tgfx16"}, "Cheats/TGFX16/Madouou Granzort (J) (SGX) [1F041166].zip": {"hash": "ceed23c027591d3ba1b6a4a052772aea", "size": 546, "tags": [2, 15], "zip_id": "cheats_folder_tgfx16"}, "Cheats/TGFX16/Maerchen Maze (Japan) [A15A1F37].zip": {"hash": "7bc97404edb5b7e66f6880aa7eac89ac", "size": 836, "tags": [2, 15], "zip_id": "cheats_folder_tgfx16"}, "Cheats/TGFX16/Magical Chase (Japan) [DD0EBF8C].zip": {"hash": "a5ccf67d087fa8666515e8f960f481db", "size": 828, "tags": [2, 15], "zip_id": "cheats_folder_tgfx16"}, "Cheats/TGFX16/Magical Chase (USA) [95CD2979].zip": {"hash": "0bc9f55a4aba6f616374c4ea0cfb518f", "size": 978, "tags": [2, 15], "zip_id": "cheats_folder_tgfx16"}, "Cheats/TGFX16/Makai Prince Dorabocchan (Japan) [B101B333].zip": {"hash": "a47253ce3133712d99dfbc2581f77518", "size": 1476, "tags": [2, 15], "zip_id": "cheats_folder_tgfx16"}, "Cheats/TGFX16/Maniac Pro Wres - Asu e no Tatakai (Japan) [99F2865C].zip": {"hash": "bee08ed47cacce46ac9d3ef72624df4f", "size": 1131, "tags": [2, 15], "zip_id": "cheats_folder_tgfx16"}, "Cheats/TGFX16/Mesopotamia (Japan) [E87190F1].zip": {"hash": "d9b89169d517d90814ef250f4fcb2f97", "size": 540, "tags": [2, 15], "zip_id": "cheats_folder_tgfx16"}, "Cheats/TGFX16/Metal Stoker (Japan) [25A02BEE].zip": {"hash": "d879d1d91365f894f7ecdcb5783bfe9d", "size": 410, "tags": [2, 15], "zip_id": "cheats_folder_tgfx16"}, "Cheats/TGFX16/Military Madness (USA) [93F316F7].zip": {"hash": "5e103138ba26f58d6ce25a7646c9f846", "size": 283, "tags": [2, 15], "zip_id": "cheats_folder_tgfx16"}, "Cheats/TGFX16/Mizubaku Daibouken (Japan) [B2EF558D].zip": {"hash": "259772b71f0e135d37d1649c52381cf0", "size": 408, "tags": [2, 15], "zip_id": "cheats_folder_tgfx16"}, "Cheats/TGFX16/Momotarou Densetsu Turbo (Japan) [625221A6].zip": {"hash": "4276c76a7d65609c5e7360005a2a1bf2", "size": 282, "tags": [2, 15], "zip_id": "cheats_folder_tgfx16"}, "Cheats/TGFX16/Momotarou Katsugeki (Japan) [345F43E9].zip": {"hash": "39a3d7886e46b16c1c8153d452d23098", "size": 1256, "tags": [2, 15], "zip_id": "cheats_folder_tgfx16"}, "Cheats/TGFX16/Monster Pro Wres (Japan) [F2E46D25].zip": {"hash": "504e4cb3ef720ed7ed55add31ee5bad0", "size": 1415, "tags": [2, 15], "zip_id": "cheats_folder_tgfx16"}, "Cheats/TGFX16/Moto Roader (USA) [E2B0D544].zip": {"hash": "ddff8924f796f376d80427958812d6e3", "size": 430, "tags": [2, 15], "zip_id": "cheats_folder_tgfx16"}, "Cheats/TGFX16/Moto Roader II (Japan) [0B7F6E5F].zip": {"hash": "4b3945fc65d9b404b599494b4bee3454", "size": 578, "tags": [2, 15], "zip_id": "cheats_folder_tgfx16"}, "Cheats/TGFX16/Mr. Heli no Daibouken (Japan) [2CB92290].zip": {"hash": "ac24d983fd66692c8462db19e321309e", "size": 719, "tags": [2, 15], "zip_id": "cheats_folder_tgfx16"}, "Cheats/TGFX16/Naxat Open (Japan) [60ECAE22].zip": {"hash": "4b06e56615fbc445871a2c481d663605", "size": 284, "tags": [2, 15], "zip_id": "cheats_folder_tgfx16"}, "Cheats/TGFX16/Naxat Stadium (Japan) [20A7D128].zip": {"hash": "761f594462a058adebf7cd80e5b1fa81", "size": 703, "tags": [2, 15], "zip_id": "cheats_folder_tgfx16"}, "Cheats/TGFX16/Naxat Stadium (Tai Sang Version) (J) [FBA3A1A4].zip": {"hash": "761f594462a058adebf7cd80e5b1fa81", "size": 703, "tags": [2, 15], "zip_id": "cheats_folder_tgfx16"}, "Cheats/TGFX16/Necros no Yousai (Japan) [FB0FDCFE].zip": {"hash": "6ee567f14cb7a167ca4274fbae9e365a", "size": 682, "tags": [2, 15], "zip_id": "cheats_folder_tgfx16"}, "Cheats/TGFX16/Nekketsu Koukou Dodgeball-bu - PC Bangai Hen (Japan) [65FDB863].zip": {"hash": "4172d6b47105c138f2915eab87565201", "size": 288, "tags": [2, 15], "zip_id": "cheats_folder_tgfx16"}, "Cheats/TGFX16/Nekketsu Koukou Dodgeball-bu - PC Soccer Hen (Japan) [F2285C6D].zip": {"hash": "57ce0b08caa98541975d8ed87ef23f23", "size": 271, "tags": [2, 15], "zip_id": "cheats_folder_tgfx16"}, "Cheats/TGFX16/Neutopia (USA) [A9A94E1B].zip": {"hash": "6f973f25318f2c85e2df664868a12904", "size": 2579, "tags": [2, 15], "zip_id": "cheats_folder_tgfx16"}, "Cheats/TGFX16/Neutopia II (USA) [C4ED4307].zip": {"hash": "6d7139ad7b8fec8de844c14ef37ba653", "size": 3902, "tags": [2, 15], "zip_id": "cheats_folder_tgfx16"}, "Cheats/TGFX16/New Adventure Island (USA) [756A1802].zip": {"hash": "10feb1145b5231c03182d51318180535", "size": 694, "tags": [2, 15], "zip_id": "cheats_folder_tgfx16"}, "Cheats/TGFX16/NewZealand Story, The (Japan) [8E4D75A8].zip": {"hash": "63f02f34caf475a58d64d9693958f41c", "size": 582, "tags": [2, 15], "zip_id": "cheats_folder_tgfx16"}, "Cheats/TGFX16/Night Creatures (USA) [C159761B].zip": {"hash": "f574be16d27f23e230a391c05d7d0d15", "size": 2337, "tags": [2, 15], "zip_id": "cheats_folder_tgfx16"}, "Cheats/TGFX16/Niko Niko Pun (Japan) [82DEF9EE].zip": {"hash": "23049f3a1a9eddbcb00104baa0b90b09", "size": 400, "tags": [2, 15], "zip_id": "cheats_folder_tgfx16"}, "Cheats/TGFX16/Ninja Ryuukenden (Japan) (En,Ja,Zh) [67573BAC].zip": {"hash": "fe11aaec5edc8f99f4447c55ac586cb6", "size": 981, "tags": [2, 15], "zip_id": "cheats_folder_tgfx16"}, "Cheats/TGFX16/Ninja Spirit (USA) [DE8AF1C1].zip": {"hash": "6cbf6d81ef2185630afdb0de97bd6012", "size": 842, "tags": [2, 15], "zip_id": "cheats_folder_tgfx16"}, "Cheats/TGFX16/Ninja Warriors, The (Japan) [96E0CD9D].zip": {"hash": "7a4f6e2a29d3b1ea7a3d580ea7b6963b", "size": 550, "tags": [2, 15], "zip_id": "cheats_folder_tgfx16"}, "Cheats/TGFX16/Obocchama-kun (Japan) [4D3B0BC9].zip": {"hash": "9cfc2975f1da14d522fd19c4708d7dff", "size": 270, "tags": [2, 15], "zip_id": "cheats_folder_tgfx16"}, "Cheats/TGFX16/Operation Wolf (Japan) [FF898F87].zip": {"hash": "a6a0352269ea9f69f6c9c41c149593ad", "size": 710, "tags": [2, 15], "zip_id": "cheats_folder_tgfx16"}, "Cheats/TGFX16/Ordyne (USA) [E7BF2A74].zip": {"hash": "0a83965f05462520c92fb4f8dda95d24", "size": 1598, "tags": [2, 15], "zip_id": "cheats_folder_tgfx16"}, "Cheats/TGFX16/Out Live (Japan) [5CDB3F5B].zip": {"hash": "dd405c9f8515c8b8df7ac09fa23ddad5", "size": 286, "tags": [2, 15], "zip_id": "cheats_folder_tgfx16"}, "Cheats/TGFX16/Out Run (Japan) [E203F223].zip": {"hash": "9a95ceb8e71f1a6ba9dc1b7f61e80884", "size": 598, "tags": [2, 15], "zip_id": "cheats_folder_tgfx16"}, "Cheats/TGFX16/Override (Japan) [B74EC562].zip": {"hash": "050e06d2509d468b8a921824078a5f35", "size": 546, "tags": [2, 15], "zip_id": "cheats_folder_tgfx16"}, "Cheats/TGFX16/P-47 - The Freedom Fighter (Japan) [7632DB90].zip": {"hash": "2b9dac5fac7ca1d57918fb5df0501457", "size": 408, "tags": [2, 15], "zip_id": "cheats_folder_tgfx16"}, "Cheats/TGFX16/PC Denjin - Punkic Cyborgs (Japan) [740491C2].zip": {"hash": "8159fed8b573368ecfacd376ea99cfd7", "size": 545, "tags": [2, 15], "zip_id": "cheats_folder_tgfx16"}, "Cheats/TGFX16/PC Genjin - Pithecanthropus Computerurus (Japan) [2CB5CD55].zip": {"hash": "44653487cd6bb018f1d6980bb095b68d", "size": 550, "tags": [2, 15], "zip_id": "cheats_folder_tgfx16"}, "Cheats/TGFX16/PC Genjin 2 - Pithecanthropus Computerurus (Japan) [3028F7CA].zip": {"hash": "1dcce5736624d1dc82bf540eeb910645", "size": 680, "tags": [2, 15], "zip_id": "cheats_folder_tgfx16"}, "Cheats/TGFX16/PC Genjin 3 - Pithecanthropus Computerurus (Japan) [A170B60E].zip": {"hash": "4b626d8a10eb1fa672dd6e1d77de4394", "size": 752, "tags": [2, 15], "zip_id": "cheats_folder_tgfx16"}, "Cheats/TGFX16/Pac-Land (USA) [D6E30CCD].zip": {"hash": "a33a95a12edb02707a9483e55d66d151", "size": 429, "tags": [2, 15], "zip_id": "cheats_folder_tgfx16"}, "Cheats/TGFX16/Paranoia (Japan) [9893E0E6].zip": {"hash": "926d1991903e144d1661d66bab6e6513", "size": 278, "tags": [2, 15], "zip_id": "cheats_folder_tgfx16"}, "Cheats/TGFX16/Parasol Stars - The Story of Bubble Bobble III (USA) [E6458212].zip": {"hash": "e0f70edde8ac3a391201b55ab09c240f", "size": 1139, "tags": [2, 15], "zip_id": "cheats_folder_tgfx16"}, "Cheats/TGFX16/Parodius Da! - Shinwa kara Owarai e (Japan) [647718F9].zip": {"hash": "4b4e22c99b05636dd8c6109f3fd32b54", "size": 427, "tags": [2, 15], "zip_id": "cheats_folder_tgfx16"}, "Cheats/TGFX16/Power Eleven (Japan) [3E647D8B].zip": {"hash": "a30243865726cb81e0dd2d63d38bc05c", "size": 548, "tags": [2, 15], "zip_id": "cheats_folder_tgfx16"}, "Cheats/TGFX16/Power Gate (Japan) [BE8B6E3B].zip": {"hash": "abe0bca462d62202d637b2c4306c1439", "size": 278, "tags": [2, 15], "zip_id": "cheats_folder_tgfx16"}, "Cheats/TGFX16/Power League '93 (Japan) [7D3E6F33].zip": {"hash": "62912d580decab030f1d4f206366a635", "size": 821, "tags": [2, 15], "zip_id": "cheats_folder_tgfx16"}, "Cheats/TGFX16/Power League (Japan) [69180984].zip": {"hash": "a30eea503833c5110fab75b2b43fb7fb", "size": 711, "tags": [2, 15], "zip_id": "cheats_folder_tgfx16"}, "Cheats/TGFX16/Power League 4 (Japan) [30CC3563].zip": {"hash": "99cbfba4764a37d4b968f87f8e54b59a", "size": 825, "tags": [2, 15], "zip_id": "cheats_folder_tgfx16"}, "Cheats/TGFX16/Power League 5 (Japan) [8B61E029].zip": {"hash": "99cbfba4764a37d4b968f87f8e54b59a", "size": 825, "tags": [2, 15], "zip_id": "cheats_folder_tgfx16"}, "Cheats/TGFX16/Power League II (Japan) [C5FDFA89].zip": {"hash": "99cbfba4764a37d4b968f87f8e54b59a", "size": 825, "tags": [2, 15], "zip_id": "cheats_folder_tgfx16"}, "Cheats/TGFX16/Power League III (Japan) [8AA4B220].zip": {"hash": "99cbfba4764a37d4b968f87f8e54b59a", "size": 825, "tags": [2, 15], "zip_id": "cheats_folder_tgfx16"}, "Cheats/TGFX16/Pro Yakyuu World Stadium '91 (Japan) [66B167A9].zip": {"hash": "dc63363e3d9a387f7810f66f8c58a136", "size": 820, "tags": [2, 15], "zip_id": "cheats_folder_tgfx16"}, "Cheats/TGFX16/Pro Yakyuu World Stadium (Japan) [34E089A9].zip": {"hash": "dc63363e3d9a387f7810f66f8c58a136", "size": 820, "tags": [2, 15], "zip_id": "cheats_folder_tgfx16"}, "Cheats/TGFX16/Psycho Chaser (Japan) [03883EE8].zip": {"hash": "8bab1de413b5df701495b3be98878eed", "size": 545, "tags": [2, 15], "zip_id": "cheats_folder_tgfx16"}, "Cheats/TGFX16/Psychosis (USA) [6CC10824].zip": {"hash": "af0688b9675eadb84ac7190a7e94bfb3", "size": 412, "tags": [2, 15], "zip_id": "cheats_folder_tgfx16"}, "Cheats/TGFX16/Puzznic (Japan) [965C95B3].zip": {"hash": "a97c2374c8ba2804817994f47240de91", "size": 412, "tags": [2, 15], "zip_id": "cheats_folder_tgfx16"}, "Cheats/TGFX16/R-Type (Tai Sang Version) (J) [45FC8CB9].zip": {"hash": "c3d6cac6c735179a967d6932055c7940", "size": 580, "tags": [2, 15], "zip_id": "cheats_folder_tgfx16"}, "Cheats/TGFX16/R-Type (USA) [91CE5156].zip": {"hash": "20355ab2216995f49ec3ceb839f2238b", "size": 939, "tags": [2, 15], "zip_id": "cheats_folder_tgfx16"}, "Cheats/TGFX16/R-Type I (Japan) [CEC3D28A].zip": {"hash": "d34904f6ea991c83e1c27d494a4b03a8", "size": 724, "tags": [2, 15], "zip_id": "cheats_folder_tgfx16"}, "Cheats/TGFX16/R-Type II (Japan) [F207ECAE].zip": {"hash": "1a6cc7db2921291b904263395b08f08e", "size": 580, "tags": [2, 15], "zip_id": "cheats_folder_tgfx16"}, "Cheats/TGFX16/R-Type Part-2 (Tai Sang Version) (J) [CE4FBEFE].zip": {"hash": "1a6cc7db2921291b904263395b08f08e", "size": 580, "tags": [2, 15], "zip_id": "cheats_folder_tgfx16"}, "Cheats/TGFX16/Rabio Lepus Special (Japan) [D8373DE6].zip": {"hash": "7d5b53abc24eacbfc822e665427977de", "size": 861, "tags": [2, 15], "zip_id": "cheats_folder_tgfx16"}, "Cheats/TGFX16/Racing Damashii (Japan) [3E79734C].zip": {"hash": "931cae89a6da8dcd8d0fcf9403142afa", "size": 423, "tags": [2, 15], "zip_id": "cheats_folder_tgfx16"}, "Cheats/TGFX16/Raiden (USA) [BC59C31E].zip": {"hash": "a7882b5e410cb44fa2cdf3d74324a416", "size": 1009, "tags": [2, 15], "zip_id": "cheats_folder_tgfx16"}, "Cheats/TGFX16/Rastan Saga II (Japan) [00C38E69].zip": {"hash": "7cec9d5f565e514597036d9b2332ae68", "size": 555, "tags": [2, 15], "zip_id": "cheats_folder_tgfx16"}, "Cheats/TGFX16/Rock-On (Japan) [2FD65312].zip": {"hash": "f496c240680ce163cd3af57181d53b52", "size": 689, "tags": [2, 15], "zip_id": "cheats_folder_tgfx16"}, "Cheats/TGFX16/Salamander (Japan) [FAECCE20].zip": {"hash": "0407030f15fad200a2a961bf89111e9a", "size": 564, "tags": [2, 15], "zip_id": "cheats_folder_tgfx16"}, "Cheats/TGFX16/Samurai-Ghost (USA) [77A924B7].zip": {"hash": "91432a69d8eaa64afb162f8b6e6eae38", "size": 435, "tags": [2, 15], "zip_id": "cheats_folder_tgfx16"}, "Cheats/TGFX16/Shinobi (Japan) [BC655CF3].zip": {"hash": "a1f99d4a1d174b5217e44166473db883", "size": 850, "tags": [2, 15], "zip_id": "cheats_folder_tgfx16"}, "Cheats/TGFX16/Shiryou Sensen - War of the Dead (Japan) [469A0FDF].zip": {"hash": "492b85b9ccd174d37184ea8c20d98b82", "size": 290, "tags": [2, 15], "zip_id": "cheats_folder_tgfx16"}, "Cheats/TGFX16/Shockman (USA) [2774462C].zip": {"hash": "ca5ed7bc86f2e37e6c2c156ccc3f604a", "size": 859, "tags": [2, 15], "zip_id": "cheats_folder_tgfx16"}, "Cheats/TGFX16/SideArms (USA) [D1993C9F].zip": {"hash": "f5e5fbc46e09a892d01ce328664385f5", "size": 692, "tags": [2, 15], "zip_id": "cheats_folder_tgfx16"}, "Cheats/TGFX16/SideArms - Hyper Dyne (Japan) [E5E7B8B7].zip": {"hash": "f5e5fbc46e09a892d01ce328664385f5", "size": 692, "tags": [2, 15], "zip_id": "cheats_folder_tgfx16"}, "Cheats/TGFX16/Silent Debuggers (USA) [FA7E5D66].zip": {"hash": "7e491b23cc74bf885c0dfc4887d15851", "size": 880, "tags": [2, 15], "zip_id": "cheats_folder_tgfx16"}, "Cheats/TGFX16/Sinistron (USA) [4F6E2DBD].zip": {"hash": "ef9a316ba96529040196f4025118cc17", "size": 278, "tags": [2, 15], "zip_id": "cheats_folder_tgfx16"}, "Cheats/TGFX16/Skweek (Japan) [4D539C9F].zip": {"hash": "2ede756f584317d56c0a9fe7babe7506", "size": 444, "tags": [2, 15], "zip_id": "cheats_folder_tgfx16"}, "Cheats/TGFX16/Soldier Blade (USA) [4BB68B13].zip": {"hash": "49a3c59854faaf7807eec6ca1c01f9b0", "size": 568, "tags": [2, 15], "zip_id": "cheats_folder_tgfx16"}, "Cheats/TGFX16/Somer Assault (USA) [8FCAF2E9].zip": {"hash": "c4def8d1ec3a3dc7a925ee17c7d7d8fa", "size": 554, "tags": [2, 15], "zip_id": "cheats_folder_tgfx16"}, "Cheats/TGFX16/Son Son II (Japan) [D7921DF2].zip": {"hash": "f8c2ed466e71c6a4dfdcdfd5cf0735e9", "size": 550, "tags": [2, 15], "zip_id": "cheats_folder_tgfx16"}, "Cheats/TGFX16/Space Harrier (USA) [43B05EB8].zip": {"hash": "7279bab0d0fffed08d7d23e8bfdff768", "size": 408, "tags": [2, 15], "zip_id": "cheats_folder_tgfx16"}, "Cheats/TGFX16/Splatterhouse (USA) [D00CA74F].zip": {"hash": "da77ade476a6d78ae66ad7d75e4b0ac5", "size": 2273, "tags": [2, 15], "zip_id": "cheats_folder_tgfx16"}, "Cheats/TGFX16/Street Fighter II' - Champion Edition (Japan) [D15CB6BB].zip": {"hash": "8f393332b8f1c755f3970315a833f08c", "size": 1890, "tags": [2, 15], "zip_id": "cheats_folder_tgfx16"}, "Cheats/TGFX16/Strip Fighter II (Japan) (Unl) [D6FC51CE].zip": {"hash": "8523425875e8aae2299d31fb13175fc3", "size": 918, "tags": [2, 15], "zip_id": "cheats_folder_tgfx16"}, "Cheats/TGFX16/Super Mario Bros [3347B4C8].zip": {"hash": "ee0e924f8ffcc1cfff76d79303580288", "size": 286, "tags": [2, 15], "zip_id": "cheats_folder_tgfx16"}, "Cheats/TGFX16/Super Metal Crusher (Japan) [56488B36].zip": {"hash": "9ae952ec92e32112ba51cbe21d3b682f", "size": 4502, "tags": [2, 15], "zip_id": "cheats_folder_tgfx16"}, "Cheats/TGFX16/Super Star Soldier (USA) [DB29486F].zip": {"hash": "f70ecc7bafdefa94738f45b609ada947", "size": 408, "tags": [2, 15], "zip_id": "cheats_folder_tgfx16"}, "Cheats/TGFX16/Super Volleyball (USA) [245040B3].zip": {"hash": "5c21e89b5e963ccf86dbd6ff32e4de13", "size": 421, "tags": [2, 15], "zip_id": "cheats_folder_tgfx16"}, "Cheats/TGFX16/Susanoou Densetsu (Japan) [CF73D8FC].zip": {"hash": "b7a4e708951ccf8ae30c8fc2e41038a0", "size": 790, "tags": [2, 15], "zip_id": "cheats_folder_tgfx16"}, "Cheats/TGFX16/TV Sports Basketball (USA) [EA54D653].zip": {"hash": "a548873890784f05ca47c0daad13ddea", "size": 712, "tags": [2, 15], "zip_id": "cheats_folder_tgfx16"}, "Cheats/TGFX16/TV Sports Football (USA) [5E25B557].zip": {"hash": "0b4a2c89564cea15d544278f1b4b92bf", "size": 564, "tags": [2, 15], "zip_id": "cheats_folder_tgfx16"}, "Cheats/TGFX16/TV Sports Hockey (USA) [97FE5BCF].zip": {"hash": "0ea7c6a67b734fee5f44052b3a342764", "size": 415, "tags": [2, 15], "zip_id": "cheats_folder_tgfx16"}, "Cheats/TGFX16/Takahashi Meijin no Shin Bouken-jima (Japan) [E415EA19].zip": {"hash": "36bb564f5c8d3b09c3ebfbdf2ede5a41", "size": 435, "tags": [2, 15], "zip_id": "cheats_folder_tgfx16"}, "Cheats/TGFX16/Takeda Shingen (Japan) [F022BE13].zip": {"hash": "369f30a165d298f4880daa47ac1b93c7", "size": 547, "tags": [2, 15], "zip_id": "cheats_folder_tgfx16"}, "Cheats/TGFX16/Takin' it to the Hoop (USA) [E9D51797].zip": {"hash": "c8315147332a88c77987f5bfb5bf5df3", "size": 280, "tags": [2, 15], "zip_id": "cheats_folder_tgfx16"}, "Cheats/TGFX16/TaleSpin (USA) [BAE9CECC].zip": {"hash": "40650c8aa6e556f06c2e86f60f12dfa3", "size": 550, "tags": [2, 15], "zip_id": "cheats_folder_tgfx16"}, "Cheats/TGFX16/Tatsujin (Japan) [A6088275].zip": {"hash": "389064c7664cce3f6278a764770c4993", "size": 562, "tags": [2, 15], "zip_id": "cheats_folder_tgfx16"}, "Cheats/TGFX16/Tatsunoko Fighter (Japan) [EEB6DD43].zip": {"hash": "3cec77bde3b6974b583969a5ad403c25", "size": 540, "tags": [2, 15], "zip_id": "cheats_folder_tgfx16"}, "Cheats/TGFX16/Tenseiryuu - Saint Dragon (Japan) [2E278CCB].zip": {"hash": "7e27aba5fd3b8ce0c330cbceade35645", "size": 278, "tags": [2, 15], "zip_id": "cheats_folder_tgfx16"}, "Cheats/TGFX16/Terra Cresta II - Mandoler no Gyakushuu (Japan) [1B2D0077].zip": {"hash": "52bd42bee1eb7b43552eacb462d61dae", "size": 561, "tags": [2, 15], "zip_id": "cheats_folder_tgfx16"}, "Cheats/TGFX16/Thunder Blade (Japan) [DDC3E809].zip": {"hash": "66d2218f2094376687ab31ba2f185b28", "size": 278, "tags": [2, 15], "zip_id": "cheats_folder_tgfx16"}, "Cheats/TGFX16/Tiger Road (USA) [985D492D].zip": {"hash": "5c99cab3d0354f3e47b1673d0d63620a", "size": 544, "tags": [2, 15], "zip_id": "cheats_folder_tgfx16"}, "Cheats/TGFX16/Time Cruise (USA) [02C39660].zip": {"hash": "c20d1a8d85dc98d9c7170d50813de4f3", "size": 613, "tags": [2, 15], "zip_id": "cheats_folder_tgfx16"}, "Cheats/TGFX16/Time Cruise II (Japan) [CFEC1D6A].zip": {"hash": "e229a42b7ff27beb1d1ce4e15fcb7587", "size": 278, "tags": [2, 15], "zip_id": "cheats_folder_tgfx16"}, "Cheats/TGFX16/Titan (Japan) [D20F382F].zip": {"hash": "abb4666b97ee7f29554ad459d26fc68c", "size": 282, "tags": [2, 15], "zip_id": "cheats_folder_tgfx16"}, "Cheats/TGFX16/Toilet Kids (Japan) [53B7784B].zip": {"hash": "5579b8aceed569b4cde315cd732305d2", "size": 696, "tags": [2, 15], "zip_id": "cheats_folder_tgfx16"}, "Cheats/TGFX16/Tora e no Michi (Japan) [82AE3B16].zip": {"hash": "e0e4db5859eecc7ac5ddc47fcccd9a99", "size": 420, "tags": [2, 15], "zip_id": "cheats_folder_tgfx16"}, "Cheats/TGFX16/Tower of Druaga, The (Japan) [72E00BC4].zip": {"hash": "07e3d126dd212aca46c1376bdeeda1dd", "size": 3711, "tags": [2, 15], "zip_id": "cheats_folder_tgfx16"}, "Cheats/TGFX16/Toy Shop Boys (Japan) [97C5EE9A].zip": {"hash": "13ab5a99399cdb75f293f9080a277465", "size": 534, "tags": [2, 15], "zip_id": "cheats_folder_tgfx16"}, "Cheats/TGFX16/Tricky (Japan) [3AEA2F8F].zip": {"hash": "733850986701dcbd369c140d88591888", "size": 832, "tags": [2, 15], "zip_id": "cheats_folder_tgfx16"}, "Cheats/TGFX16/Tricky Kick (USA) [48E6FD34].zip": {"hash": "dbd0c7ac78371dafc60f34a8dbc58307", "size": 832, "tags": [2, 15], "zip_id": "cheats_folder_tgfx16"}, "Cheats/TGFX16/Turrican (USA) [EB045EDF].zip": {"hash": "ca549c37ef7683ebff25be8dfad9e566", "size": 869, "tags": [2, 15], "zip_id": "cheats_folder_tgfx16"}, "Cheats/TGFX16/USA Pro Basketball (Japan) [1CAD4B7F].zip": {"hash": "c8315147332a88c77987f5bfb5bf5df3", "size": 280, "tags": [2, 15], "zip_id": "cheats_folder_tgfx16"}, "Cheats/TGFX16/Valkyrie no Densetsu (Japan) [A3303978].zip": {"hash": "974b3f97a4bce34ee1064097b403c033", "size": 558, "tags": [2, 15], "zip_id": "cheats_folder_tgfx16"}, "Cheats/TGFX16/Veigues - Tactical Gladiator (USA) [99D14FB7].zip": {"hash": "2d62a041e0cf9601a64ca81801f2652f", "size": 1593, "tags": [2, 15], "zip_id": "cheats_folder_tgfx16"}, "Cheats/TGFX16/Vigilante (USA) [79D49A0D].zip": {"hash": "e615930cfbcdfec0c26be64eb6b34f8b", "size": 1392, "tags": [2, 15], "zip_id": "cheats_folder_tgfx16"}, "Cheats/TGFX16/Violent Soldier (Japan) [1BC36B36].zip": {"hash": "8cb9fe74ff6f294b8867b5a2c39f7516", "size": 825, "tags": [2, 15], "zip_id": "cheats_folder_tgfx16"}, "Cheats/TGFX16/Volfied (Japan) [AD226F30].zip": {"hash": "154c0f3153eb8110e3ae1959d59757cf", "size": 278, "tags": [2, 15], "zip_id": "cheats_folder_tgfx16"}, "Cheats/TGFX16/W Ring - The Double Rings (J) [a1] [5EB0CD7E].zip": {"hash": "0d6d56e080bc7b54491914defd27318f", "size": 278, "tags": [2, 15], "zip_id": "cheats_folder_tgfx16"}, "Cheats/TGFX16/W-Ring - The Double Rings (Japan) [BE990010].zip": {"hash": "10fc0a098e59b43336826741f9dc9311", "size": 429, "tags": [2, 15], "zip_id": "cheats_folder_tgfx16"}, "Cheats/TGFX16/Wonder Momo (Japan) [59D07314].zip": {"hash": "a1995317ac96607eda91ffd48330bdfc", "size": 284, "tags": [2, 15], "zip_id": "cheats_folder_tgfx16"}, "Cheats/TGFX16/World Class Baseball (USA) [4186D0C0].zip": {"hash": "657179389110baf8280fed185d921b93", "size": 972, "tags": [2, 15], "zip_id": "cheats_folder_tgfx16"}, "Cheats/TGFX16/World Court Tennis (USA) [A4457DF0].zip": {"hash": "2bd20c1fb13fc83504a37bb7fdbb94b9", "size": 738, "tags": [2, 15], "zip_id": "cheats_folder_tgfx16"}, "Cheats/TGFX16/Youkai Douchuuki (Japan) [F131B706].zip": {"hash": "bf5b3c484bd7b220e7d8502162e56060", "size": 540, "tags": [2, 15], "zip_id": "cheats_folder_tgfx16"}, "Cheats/TGFX16/Zero4 Champ (Japan) (v1.5) [B77F2E2F].zip": {"hash": "72c654f5ea0518195be5578df0a334ee", "size": 294, "tags": [2, 15], "zip_id": "cheats_folder_tgfx16"}, "Cheats/TGFX16/Zipang (Japan) [67AAB7A1].zip": {"hash": "8ba9860a929c019232ffc45e05bffb36", "size": 567, "tags": [2, 15], "zip_id": "cheats_folder_tgfx16"}}, "folders": {"Cheats": {"tags": [15], "zip_id": "cheats_folder_tgfx16"}, "Cheats/TGFX16": {"tags": [2, 15], "zip_id": "cheats_folder_tgfx16"}}}